Tweet_ID,tweet,type
ID_2K50QY3Y,My husband beats me in cricket every.single.time. 😑,Physical_violence
ID_FGI2NK43,I was worried I'd say something to upset him. I was right to worry. He humiliated me in public. His voice showed only annoyance and his eyes were devoid of warmth. I felt awful for the rest of the conference. I'll never forget it.,emotional_violence
ID_YC9USNV2,Sometimes I wish I was stupid and self in involved so I wouldn't spend my days thinking and worrying about the women in countries where abortion is illegal or where fgm is practiced or forced child prostitution or Uygur people and gay Chechens in concentration camps,Harmful_Traditional_practice
ID_1J3KUAUX,"I so much wished I could talk more about child marriage, forced marriage and human rights abuses, but I was limited. Still, I squeezed it in and I’m happy that I touched on it even if it was just 5 sentences- it’s more than anyone else is willing to give them on this.",Harmful_Traditional_practice
ID_2I3G4ET8,I'm getting in trouble because I wouldn't give my moms husband MY beats that my dad bought me? That's fucking hilarious!,Physical_violence
ID_B4VTCE82,"“He Gave me Olive Oil”, Girl Explains How Bishop Elijah Orhonigbe Raped Her in Delta.  ",sexual_violence
ID_6NAGU5NW,Why aren’t you more concerned about the borders oh my god he’s got to be kidding me stop it with the parks in the masks and go deal with the children are being raped in traffic by the cartel. Get a life,sexual_violence
ID_MBPK2O2L,"Thanks, love chess but my husband's a slow player &amp; always beats me partly because I can't play at his pace",Physical_violence
ID_HNXKSMXN,My husband beats me for not greeting his other wife — Woman    ,Physical_violence
ID_58INI1HJ,"My husband beats me at will, please separate us, housewife begs court: FG_AUTHORS: AdminA...   via",Physical_violence
ID_JVMS39ZL,"Women do initiate most non-reciprocated domestic violence, although most domestic violence is two-sided. Surprising huh? It isn't actually as clear cut as ""my husband just beats me up like a stress doll everyday while I'm just a helpless victim""",Physical_violence
ID_XR9GCNIT,"My husband beats me at will, starves me, my 4 children – housewife tells court ----------------------- READ STORY👇  ",Physical_violence
ID_6JP8SF99,Obviously. RT So u had tidy sex b4? RT “My boss fired me because I refused to have rough s** with him”,economic_violence
ID_J8W59J7K,I have no contact with my grandad anymore because he told me if I didn't support Trump and Trump lost that my daughter would be raped by Muslims and be forced to get abortions.  And that he'd be executed for being a Christian. But the daughter thing sealed the deal.,sexual_violence
ID_99ME5EFY,"If it were up to me, they should share the rest of the money among themselves and chop it in public. If anyone is angry he should come out and fight  In February Akan insulted them the day before protest, the next day Femco was supporting protesters, he was playing Fifa. Oloribus",emotional_violence
ID_KDOL8Z11,Do you care about the forced to undergo I do.,Harmful_Traditional_practice
ID_X5CQQVJ9,"""I will not undergo female genital mutilation."" - Tabitha (14) from   Tabitha plans to finish school and defend the rights of a girl child to be protected from FGM.    This join us and Tabitha on the movement to  ",Harmful_Traditional_practice
ID_O8AWS1G6,No fr me neither. He look raped on these pics too smh,sexual_violence
ID_G0U5EEW1,Couple in court: My husband drinks to stupor and beats me: An Ajegunle Customary Court has been told to separa...  ,Physical_violence
ID_MS5BLY4X,"My husband Beats, Naked me in Public, Woman Tells Court   via",Physical_violence
ID_207J5R6A,"Saying he killed because he was humiliated is rubbish, women are humiliated all time, my ex who was abusive humillated me in public not because I had done anything wrong, he was a mental and emotionally cruel, stop making excuses for people who murder.",emotional_violence
ID_TYZI7I87,anyways grace is gonna get me fired for my job because I was singing while I was working bc I was in a good mood and a woman who was unhappy with her pizzas said she was going to call corporate and asked me for my name,economic_violence
ID_U1SKIY8Q,Biden raped me.  Now he has 2,sexual_violence
ID_5GO681T5,“he was making my sandwich wrong and he was hot so i just let it happen” -me “that’s how people get raped” -my pastor 😂😂😂,sexual_violence
ID_KE1D5PT9,"I couldn't even read Wikipedia article about "" Female genital mutilation""...Those unlucky souls have to undergo it!! Fucking Nonsense!",Harmful_Traditional_practice
ID_NDF603YV,"He insulted me in public,il devastate him in private!",emotional_violence
ID_XAIPSTNU,"[LEADERSHIP] My Husband Beats Me Frequently, Wife Tells Court: A 26-year-old housewife, Khadijat Hussaini,, h...  ",Physical_violence
ID_N06KBUOO,🐶: SHIBERIAAAAA SHIBERIAAAA 🐰: Is it okay for him to say a bad word in a public broadcasting? 🐶: SHIBERIA  🐰: PASS HE JUST INSULTED ME  🐶: SI BE RIA    ,emotional_violence
ID_3BZ8AFVH,"My lion husband mocks and beats me every day, but never forget the lover´s day    ",Physical_violence
ID_ZU9PKO5V,"You know what would save more lives...if people quit breaking the law..wait that’s too much common sense...ok, if people listened to police orders...wait that’s too much common sense. Let me ask you if it was your 15 yr old that this CRIMINAL raped would you care if he got shot?",sexual_violence
ID_5AVZDNTL,I fully support this!  We all should. My led to domestic violence - I was almost killed.  We all have to stop &amp; we all have to End Child Marriage and Forced Marriage - please Sign the Petition!   via,Harmful_Traditional_practice
ID_PSEIJLCN,"My husband beats me for not bearing male child, wife tells court  ",Physical_violence
ID_7P7HUHJ1,"Well its possible and it even happened to me few hours ago. It's funny but true, my bf raped me. I told him I don't want sex but before I knew it he has brought my dick out and started giving me a serious head and rode on my dick even though I didn't agree to it.",sexual_violence
ID_3GZF8SJL,protect pedophiles Tommy Gleason he is a POS The Lakeland School District POS DA POS Because they allow female children as young as 5 to be sexualy abused and raped And your friend Tommy I look like horse shit smell like mule piss and I'm a POS Gleason comes after me with false/2,sexual_violence
ID_4N8F0117,"At 47, I finally have no interest in dating.  I'm adorable, smart, independent, and scare the shit out of most men!! I love my life. No more compromise. I just told the latest, I was raped when I was 13.  He's gone. I'm doing me!!!!",sexual_violence
ID_94SI8ZC7,"Please do!!  I promise, no matter how much my husband beats me this time, I won’t change my vote to Trump! ",Physical_violence
ID_6A5PMBAV,"My husband beats, strips me naked in public, woman tells court   ",Physical_violence
ID_GV6TPJZP,"RT Lmfao! “My wife beats me whenever I asked for anything” – Husband, 75, laments in court  ",Physical_violence
ID_TLZTT5ST,He raped a 13 year old. No one touches it. All documents available online. After 2 attempts at court she had to withdraw because her family members personal information was leaked online &amp; constant death threats. His presence makes me hurl. His voice makes my skin crawl.,sexual_violence
ID_UO36FTJ1,"In name of solidarity, I hope she won’t undergo the Female genital mutilation.",Harmful_Traditional_practice
ID_LPPM4QD2,Current situation: washing dishes. I hear a yell from the other room. “BOOM! NO ONE BEATS ME AT FINAL JEOPARDY!” ... I love my husband 🤷🏼‍♀️🤦🏼‍♀️,Physical_violence
ID_5F0B54E6,“My Husband Beats Me As If He’s In A Boxing Competition” – Wife Begs Court For Quick Divorce -  ,Physical_violence
ID_E8FRCMKE,Husband Battery :  My Wife Beats Me On Slight Provocation – Man Tells Court  ,Physical_violence
ID_4LUR8NQ2,Hi Owen I'm trying to help a woman in Glasgow who has had her claim for asylum turned down. If she is forced to return to her native country her children will face FGM. The operation isn't allowed to take place without the presence of the mother. She could be living,Harmful_Traditional_practice
ID_T733L1UI,My husband beats me 6 😂,Physical_violence
ID_UV2FJO09,"leaving a cult you were born into is shockingly close to a slow and ugly divorce. the emotions you go through and even some legal steps are the same.  not sure how to say ""I was almost forced into child marriage until I divorced my family"" in a dating app bio 🤷🏻‍♀️",Harmful_Traditional_practice
ID_ZFSNPQ3F,"some1’s reply who can tell me in reply to what?if I was a woman &amp;my husband beats me all d time, I’ll just put sleeping pills in his food",Physical_violence
ID_9NU0FHUM,'They told me I wouldn't feel any pain': Teenager tells how she was forced to undergo female genital mutilation  ,Harmful_Traditional_practice
ID_23OUM03Y,"My manager was fired  for embezzlement and when it came time to replace him, they actually told me that I was the perfect person for the job but they couldn’t give it to me because I’m a woman. This was in the early 80’s. Still stings.",economic_violence
ID_BVZO7049,did you know i humiliated a loser in public today? he’s very mean to me and it felt really nice to make him feel bad,emotional_violence
ID_1JE1UNEB,"Re. how that alledged transwoman, who wanted to use the Female CR, was treated by a mall janitress who stopped and insulted him and even handcuffed and dragged him in public like a captured criminal,  is utterly outrageous. For me he's not even one fourth the worth of her captive",emotional_violence
ID_NJYZQQFG,"Oh this one...the worse of all. Alfred Bourgeois: do you know what he did?? Should I remind you? Ok here we go. He physically and emotionally tortured, raped and beat to death HIS 2 year old daughter. You make me sick that you are defending him. SHE WAS TWO. JG",sexual_violence
ID_7Y2JUF0V,I’m rewatching  and it still makes me so mad that everyone was upset at Frank when Karen raped him. She RAPED HIM like wth... how was he the messed up one?,sexual_violence
ID_5Z3IOLE3,"MARRIAGE: “MY WIFE BEATS ME AT WILL”, CRIES DIVORCE SEEKING HUSBAND TO COURT    ",Physical_violence
ID_HA3B4EQK,"He asked me really uncomfortable questions, that you just don't talk about in public and insulted me and threatened to hit me. etc",emotional_violence
ID_Y01ECYMX,"Brilliant!!   There was one thing though u might have liked to mention. Jinnah thought Kashmir was in his pocket until he visited  Kashmir in Sept/Oct of 1947 and met Sheikh Abdullah. SA,in a public rally ridiculed MAJs claim on Kashmir. MAJ felt insulted and left in a huff.",emotional_violence
ID_IEYUMY1Q,"I frequently use my wok. Once, my husband came in and asked what I was cooking in my wok, I told him fries to go with the burgers.   Husband 'In the wok?' Me 'How do think the Chinese deep fry?'  It beats getting out the deep fryer.",Physical_violence
ID_CYP1MJS5,The only thing that somewhat makes this better.... My husband Cam makes me happy &amp; beats the Eagles.,Physical_violence
ID_W44KFJ9U,"My husband beats me whenever I ask for money, woman tells court   ",Physical_violence
ID_92JPTDKW,I cannot forgive him because he insulted me in public,emotional_violence
ID_MU99BCTD,"So, a woman says ""He raped me"" without proof and we are supposed to believe it (which is what Courtney says) but joven and Boze go on stream saying what they went through and suddenly its ""not proof""",sexual_violence
ID_N5300SNZ,"Hello, this is Shagufa, originally from Afghanistan. I was forced in child marriage when I was 16 and escaped to the United States on 2015. this is my campaign:   .my story in details :   I will be grateful if you can share my story.",Harmful_Traditional_practice
ID_KBDZ2T21,"my roommate had fucked some chick acouple months ago, turns out she had a mans and he found out recently and she lied and said he raped her. But get this.. she involved me and my other roommate saying we participated and played music so nobody could hear her...",sexual_violence
ID_PNSY25QI,"one of our classmates (whom we dont know much) grabbed my friend by her waist, held her up and put her behind him so he wouldnt have to wait in line. when i say we public humiliated him in front of the whole class, believe me we did worse.",emotional_violence
ID_V28Q53SW,Facts.I got fired from my job because I was monitoring a violent resident stab a wall in his apt.cowering in fear for my safety&amp; the other residents that lived in the building in spite of my white woman supervisor telling me to Ignore it and shut the shade,economic_violence
ID_YTPSK5MR,I posted a picture and a comment about how bad it was that 150 million women undergo female genital mutilation and Facebook Banned Me the 30 days. Why doesn't Facebook want people to know the truth about the horrors women undergo in this word. Female circumcision is not right  ,Harmful_Traditional_practice
ID_EC5U24X4,m on the phone with dada and hes telling me to tell everyone how he ràped me and how much i enjoyed it,sexual_violence
ID_X6YM60CX,Ich mag das   My Husband Beats Me,Physical_violence
ID_B13OSJ92,I Was Fired from My Job Because I Voted for Obama – Woman Says: An Ohio woman has filed a lawsuit against her fo...  ,economic_violence
ID_NZX83LZV,Oh! RT ‘My boss fired me because I refused to have rough sex with him’ – ...  ,economic_violence
ID_JXKUCDBT,The fact the racist she is on about told me he’s going to “take my doc martens off my feet and beat me in the head with it until I die” and also that I deserve to be raped and murdered on private message for saying winston Churchill is not an icon,sexual_violence
ID_18L6GXJI,I was fired from a job because I took a Friday and a Monday off so I could fly home for my grandmother’s weekend funeral. The woman who looked after me my entire life. I was told I could only take time off for a “parent or sibling”.,economic_violence
ID_W28ZPDFS,My cousin was raped by this guy Matthew. She was using the restroom. Matthew went in her stall. He fingered and penetrated her then kissed her forcibly. She told me that she hasn't seen or heard of this guy before but he was in my class for first period.  ,sexual_violence
ID_3ZAM3TN7,A tactic used by incest offending families to get rid of survivors &amp; foster care agencies to avoid responsibility for caring for survivors. Arranged (forced) child marriage.  A worker tried to stop such a scam.  She failed but I was of proud of her for trying and for caring,Harmful_Traditional_practice
ID_KPCAZX3W,"My first dev job at a tech company, I was fired for not signing to agree marriage is only M/F because boo👎, but also I'm married to a woman.   This stuff still happens.   A checkbox would have been a nice red flag in this case.  ",economic_violence
ID_5EA4GGG6,"a “nice guy” who calls women bitches, admits he cheated on his gf but blames her, and suggests you’re lying about being raped. seems nice enough to me 🤦‍♀️",sexual_violence
ID_GQK1XRPZ,"he started shouting and abusing me..and hit me on my face as I stepped out after paying Rs 45 (I had only that change)..i tried taking auto picture, he pushed me and threatened to ""knife me""...humiliated by auto driver in front of public..",emotional_violence
ID_HGC6E1Q1,"I wish someone would be able to help me with my husband he beats me and he hurts me so much and he is allowed to do,",Physical_violence
ID_EK1NJFD2,"can u plss cite me how he insulted gods of kaaba for first time??  he never did.  for first 2 and the half year he never said ""there is no god but allah"" in public",emotional_violence
ID_BUBU0TP0,I KNOW a MAN did not just tell me he thinks a women who gets raped should keep the child 🤚🏼 just because it’ll hurt the baby... bruh I promise I don’t give a shit about a baby who is not alive,sexual_violence
ID_PNDV18ES,"Has a gay woman ,I just got fired from my job because I was dating someone at work ,yep you all heard me,this world has not changed and there are still a lot off homophobic people out there,maybe Ellen can call and get my job back,ya ok not",economic_violence
ID_YHN431CT,"He insulted me and then blocked me so I can't see anything. What a world. Not only was my tweet addressed to forecasters, but it's not my job to craft things for the public. However, people in the past have simply asked and I've responded. Imagine that.",emotional_violence
ID_Q2DQ17LH,I do feel legitimately bad for his wife that she lives with a cheater and assaulter... if he slaps random ass in public while a woman is at her job you can’t convince me he doesn’t do worse in the dark beyond a camera lens. I’d be completely humiliated if my husband did this.,emotional_violence
ID_85QVVXAW,"‘The next day, he took me to a Kaazi &amp; forced me to say ‘Qubool hai’. Afterwards, he tore my clothes &amp; raped me, repeatedly. He locked me in a room &amp; would often abuse me.      ",sexual_violence
ID_1O6W5GDK,I was just saying that because the woman who flipped off the Presidential motorcade was fired from her job... Personally I thought it was hilarious...,economic_violence
ID_ZAQ8K86C,Me and the boy saw it at the cinema and I can safely say he was humiliated by me screaming in public every 5 mins!,emotional_violence
ID_E8FATSC0,"I feed, clothe my husband yet he beats me – Estranged wife  ",Physical_violence
ID_6L62FL2S,"That poor woman who got raped worries me. The man was total bullshit, he's a perverted fuck. How to unsee? Wth",sexual_violence
ID_WSBGEWV8,I'm sorry that happened to you. I always 100% believe survivors! I'm one and I never turned him in because I was married to the faul human.  He brainwashed me into thinking marital rape doesn't happen . It took me years to realize I was raped after I left him.,sexual_violence
ID_129D4W3G,"NEW POST: ""My Wife Beats Me Everyday"" - Husband Tells Court:   A 75-year-old man, Fashola Fako...   via",Physical_violence
ID_O6RYKD9T,U n that RAPIST Kevin haddish going to jail he raped me when I was 15 bye BYTCH TODAY u going N YA'LL FAMILY FOR the rest of your life,sexual_violence
ID_ZZG9DCEL,U still dated him 2months after he allegedly raped u n still had more sex with him. She is lucky he ain't me.,sexual_violence
ID_ZQ4BPJFT,"My husband beats me twice a week, wife tells court  A burst up between a couple, Alade Muniru and his wife...  ",Physical_violence
ID_X69MB0HG,"Ummmm nah cuz.  Context is highly necessary when she is sayin no in a playful tone. A 6 second long audio clip, with zero context other than ""I'm being raped and he ignores me"" meanwhile sounding like she chillin and jokin round, is NOT enough for me to say ""that's concrete asf""",sexual_violence
ID_4U11Q75H,My Hausa friend is looking for husband...Why are there so many unserious people? it just beats me. Fine girl like that,Physical_violence
ID_KI10MQ7U,I Was Fired from My Job Because I Voted for – Woman Says: An Ohio woman has filed a…  ,economic_violence
ID_MNKMWOOC,"my husband beats me, drinks like a fish and does drugs cuz our house is haunted! Lmfao! What r YOU on chick?",Physical_violence
ID_39BWCZHT,Did you know that 90% of girls in Guinea undergo Female Genital Mutilation? No I didn't either....,Harmful_Traditional_practice
ID_ABVIJALX,"If it’s Fayose you are referring to, let me remind you of the audio tape of him, Obanikoro et al during the elections, the confession by the soldiers, the poultry scandal. Sahara Reporters put all clearly in public domain. Obasanjo was on his case, too and he openly insulted him",emotional_violence
ID_1LLS5WLB,"He insulted me be calling me bitter and a gun and religion-clinger, his administration enacted draconian measures in the Bureau of Land Management that prevented fair use of public lands, and his ideology spawned BLM and the riots that are ongoing today.  ",emotional_violence
ID_EY5QRJE5,"if I was 17 yesterday, and today 18, does that make me more ready for a forced arranged wedding? Practically child marriage to me.",Harmful_Traditional_practice
ID_BU1V2TOD,"Just want to clarify to anyone reading this thread, after I posted this reply came into my DMs, insulted me, made out that I was an idiot then blocked me. He clearly didn’t want to do it in public forum because he knew he’d look like the cunt he is.",emotional_violence
ID_613D8EVA,News And Entertainment: My Husband Beats Me With Cutlass; Targeting My Eyes- Domestic Violence...  ,Physical_violence
ID_JPTNKZSM,"After your aunties sew their Menaskom threads, you open your mouth to say the following trash.  “When I marry, If my husband ever beats me, I’m divorcing him straight”   You are right. He will beat you and you will divorce him. Jesus said in Mark 11:23 that you have what you say.",Physical_violence
ID_BQUIVRQT,"MY HUSBAND WANT WOMEN WITH BIG BUTTOCKS, HE BEATS ME UP FOR HAVING SMALL BUMS.  A 21 year old Lusaka housewife...  ",Physical_violence
ID_YK5Q1I9L,"My Husband Beats Me At Will, starves Me, My 4 Children – Housewife Tells Court    ",Physical_violence
ID_OPZW35B4,"*rolling* RT ""My Wife Beats Me Everyday"" - Husband Tells Court  ",Physical_violence
ID_90AM61ID,"I hate people these days, It’s sad that the words: “He raped me” can destroy life",sexual_violence
ID_8R4KIG50,But u had gentle sex ‘My boss fired me because I refused to have rough sex with him’ – Toy store worker:,economic_violence
ID_4EABFWMD,"Do tantrums get my attention? In public I feel embarrassed, sometimes humiliated. He makes it known that it's because of me he acts that way",emotional_violence
ID_PJOJ1YCL,My boss fired me because I refused to have rough sex with him  ,economic_violence
ID_BUU2MIVQ,"I'm not a mcmartin kid, but you'll be excited to know that this sort of panic did spread outside of the u.s. my mom badgered me and my sister into believing our step dad raped my sister anally (she would have been 3 at the time) and that he was part of satanic orgies",sexual_violence
ID_DT7IF0SI,I Was Fired from My Job Because I Voted for Obama – Woman Says: An Ohio woman has filed a lawsuit against her ...  ,economic_violence
ID_BOBOC6V5,"In fact, when I learned said musicologist's name, I just had to tell her about the time he randomly insulted me in public.",emotional_violence
ID_IY4O59QI,"Fuck you.  I remember when a woman couldn’t get a credit card without a man.  When I could have been fired from my job or kicked out of my apt because I was gay.  I’m a survivor baby.  Started my own biz, made lots of money, retired at 58 and now living happily at the beach.",economic_violence
ID_ABHGUFPL,"At my job, we I.D. EVERYBODY. I've have had to send away an 85 year old woman, because she didn't have her I.D. I was cussed out, but I didn't care. She's not going to pay my bills if I was fired. We never make people lift their masks though. NEVER.",economic_violence
ID_NTSUW7TH,"Mimi's Place: My Husband Beats Me With Planks, Wires and Threate...  ",Physical_violence
ID_PLZCFINT,I just think all kamba girls led by and should undergo female genital mutilation.This can help curb their unparalleled sex appetite,Harmful_Traditional_practice
ID_Y5WKCOM9,"1) I wasn’t fighting with anyone; nor have I called anyone names, or insulted anyone. You can pass judgement on me without knowing absolutely nothing about me or my background, but don’t come defend trump to me as if he hasn’t made himself known in the public.",emotional_violence
ID_GFAE69AY,but he insulted me at school n public in front of evrybdy several times. But he got da rite 1. I wuz playn tho jus like he wuz ; ),emotional_violence
ID_U2Q05MOR,I am a transgender woman. Recently I was fired from a job because the boss just didn't like me. He stated many excuses such as my shorts being too short (despite my coworker who's desk was right next to mine wearing daisy dukes everyday.)he stated my performance (cont.),economic_violence
ID_PD460ZBS,"The way he’s raped and burned down our country and constitution makes me sad, not celebratory.",sexual_violence
ID_DDHSQ7L7,"The way Bernie touts the “good” that dictatorships do would be like a spouse saying “my husband beats me everyday, but he does the dishes. Isn’t that a good thing? He does the dishes”",Physical_violence
ID_RB3S0Z2W,Hawkeye and Mockingbird finally deal with the Phantom Rider’s death. I’ll paraphrase the conversation:  Hawkeye: You let him die.  Mockingbird: Because he drugged and raped me.  Hawkeye: That’s not what he said.  Mockingbird: You believe him over me?  Hawkeye: Yes.  ,sexual_violence
ID_6V3H82B4,My boss fired me because I refused to have rough sex with him   rude...its very bad,economic_violence
ID_4Y3JGUWC,"Pretty insulted that another writer would have a go at me in public like that, judging me on content he hasn't even listened to. Merrick didn't even listen to our podcast and yet he's going around, spreading lies about what it's about.",emotional_violence
ID_KGH4DP8E,I swear my husband beats me in my sleep ... My back is killin me 😩 !,Physical_violence
ID_KBAWNWOO,"I lost my beats. Husband gave me his. Sweet, right? He just showed me his new pair of beats... 😒",Physical_violence
ID_LC2XZWKA,"Uganda FGM ban: 'Why I broke the law to undergo FGM aged 26' Sylvia Yeko says now feels respected, even though female genital mutilation is banned in Uganda.  February 06, 2019 at 06:32AM from BBC News - World   Latest News  ",Harmful_Traditional_practice
ID_U9MSXBKZ,"“I was a survivor of a forced child marriage. Am not telling my story so you can pity me, but to give you perspective so you can understand what we young girls go through as teenagers” ~ Nicole Nyakong Ater Mayang ",Harmful_Traditional_practice
ID_CYXIQ4RA,"doors (Mind you, there was never a time I DIDN'T lock the door when home alone) and straight up told me I'll get raped it I forget. So there's that. He then goes on to tell me, that HE didn't start locking the door until a few years ago (which is a very cishet man thing to do)",sexual_violence
ID_UXB81YPT,"I got fired from my supervisor job at Starbucks because I “could have been late” to my shift. Readers, I was not late to my shift. During the firing, my white woman manager cried and her boss (who she brought in for “protection”) asked why I wasn’t comforting her.",economic_violence
ID_K52KD0NF,"Alexis should've said ""he'd still do anything for me, &amp; I've cursed him in public, lied to him, humiliated him""  ",emotional_violence
ID_4KM7XEWX,"I’m glad everything turned out for you, but just because her family are public figures, it doesn’t mean they *aren’t* abusing her/haven’t abused her in the past. My parents were very verbally abusive. My dad got physical with me and when I threatened to call the police on him, he",emotional_violence
ID_2HT3ANJ5,BEASTS IN FEH BEATS IN FEH GIVE ME MY FURRY HUSBAND,Physical_violence
ID_DV6UKLEL,"Dear Noreen, this is Shagufa, originally from Afghanistan. I was forced in child marriage when I was 16 and escaped to United States on 2015. this is my campaign:    and my story in details :   I will be grateful if you share my story",Harmful_Traditional_practice
ID_U68012ZZ,honest question.(not directed at you. but hopefully something you can answer for me) These jihadists that think they will get xx virgins or xx virgins per day in paradise. I wonder if they will make these women undergo female genital mutilation,Harmful_Traditional_practice
ID_34T2Y9Y9,"Father, forgive them, for they do not know what they are doing. Jesus said this right after 2 of his closest friends stabbed Him in the back, the church pushed Him away and He was humiliated in public. How can my situation be bad enough not to forgive whoever did whatever to me?",emotional_violence
ID_570BU7H4,I eventually had to stop seeing him after he verbally abused me in public and told me he wanted me to have his babies. I was out.,emotional_violence
ID_HH26RZLB,"Ya I get it. I absolutely despise overly woke bullshit and modern forms of “reverse racism,” but Biden could have called me a “dumb white fuck” and raped my friend and he’d still have been better than Trump. There’s too much whining going on from ppl who are just never satisfied.",sexual_violence
ID_29UZ3IW7,"Don Jazzy is now a bad man because he says both sides should be heard. One day, one unfortunate being will just come out and say I (Deji) raped her, the whole Twitter will believe her,  they'll crucify me and my opinion will not matter. If that happens, I'll lock the girl away!!",sexual_violence
ID_3JNTFJXT,Ex3: I had woman literally trying to get me fired because she said I was “a distraction to married men” at the job. I have curvy body I can wear a men’s 4x shirt &amp; you can still tell I have big titties  ,economic_violence
ID_3WBX1DDW,"I’m one of the people behind Cross Over US. RebootStop (I can’t tweet him, he blocked me) is telling that we insulted him in public. I’d like to understand what is he talking about. My friend only told him he was rude. That’s not an insult.",emotional_violence
ID_JIDRNIGO,yeah i definitely see where ur coming from. i didnt mean to come off that way bc i know where im from and other asian and european countries have forced child marriage. i was mainly trying to emphasize that many people immigrate to the US to escape certain conditions,Harmful_Traditional_practice
ID_ZQJXZDUD,Suuure I'll just go and cut it up right now and in the process lose 70% of the nerve endings and go borderline numb because you think it looks more aesthetically pleasing. While we're at it why don't you undergo female genital mutilation. why? I think it looks better. deal?,Harmful_Traditional_practice
ID_SBQTBQ63,I had sex = he raped me,sexual_violence
ID_J5LQ8KN6,I'm against Female Genital Mutilation and feel sympathy for girls who have to unwillingly undergo this procedure  ,Harmful_Traditional_practice
ID_8OHFKS9H,I really want to sue the cousin of my husband for slander/oral defamation. He insulted me in public and said foul words.,emotional_violence
ID_FZNI9ZS9,Just talking to me And shii then he played the game Rd:*Chokes Me*If you ever tell them I raped you I’ll kill you Then he punched me in my mouth I ran to the bathroom crying Quan didn’t see I came back out T:Aye what happened to yo lip Me:N-Nun Then Quan came up to me,sexual_violence
ID_V4BC157D,So somehow there are rumors going around that my husband beats me and I'm covered in bruises and that he slept with some and it got to his,Physical_violence
ID_CX5GVYU2,"MORE: “(My sister &amp; I) both threatened &amp; I was raped multiple times… My God we were just high school kids living normal life... Now this horrific experience is part of me &amp; who I would become. But we were lucky he didn’t kill us"" Peggy Rex, survivor of  ",sexual_violence
ID_8SP904UE,"literally was raped by a guy when I was 16. He forced himself on me by kissing me and everything, and due to underlying PTSD from molestation as a child, I froze in shock. Keemstar is just braindead, I wish he didn't have a platform.",sexual_violence
ID_B2TIQPZI,I hope my husband beats the shit out of me. And I consider myself as masculine as a fuck.,Physical_violence
ID_0FZ9IBRG,So my birthday is in less than an hour. My husband is committed to being the first person to wish me happy birthday this year because someone always beats him to it 😂,Physical_violence
ID_5VUEGPSX,"Where are his family here exactly that he’s defending from near death? People slag people off all the time and we shrug it off and get on with it, I get insulted or pushed about on public transport every day should I just punch everyone who pisses me off in the face?",emotional_violence
ID_AYJE89VO,“Masturbating in public” is the issue at hand. And he insulted me first.,emotional_violence
ID_0XWCQ752,DGossip247: Naija News and Entertainment | Funso's Blog: My husband beats me and locks me outside  ,Physical_violence
ID_6BHU4FIU,I've wanted to say this for a long time. UNM actively doesn't care about rape. I was raped twice while on campus. The first time by a non-student named Willie in the lobby of my dorm. The campus police essentially made me do my own investigation to find out that he was on,sexual_violence
ID_81M1NTVQ,"Wow- different take on this. It made me really sad. The man clearly has issues- no one would do that in public otherwise. He probably felt like a wierdo outcast all his life and now this is blasted all over the twitterverse. He will be found, he will be humiliated.",emotional_violence
ID_K2ANGNN0,"The only weapon you have, the very last resort, like all working men and women know, deep down to the very crux of the soul is to walk away. Don't worry boss, I'll never strike. Oh shit, this contract will bankrupt the company, but we can't walk away! My husband beats me!",Physical_violence
ID_8EU5K6FM,"“what if you’re raped by a black man and in your traumatized, stressed state you exclaim the n* slur?” and he had other similar scenarios that he threw at me as well. i explained that using the slur isn’t justified in any situation. he shook his head. (6/?)",sexual_violence
ID_WF5852RN,"This is where I disagree. I was fired for inappropriate behavior because I once said to a woman that I liked her nails. And yes I flirted with her. Inappropriate behavior of any sort can not be condoned. You sexual harass anyone, you lose your job, period! Zero Tolerance!",economic_violence
ID_KAJ1CBMS,Sir thanks for ur cooperation. I get my money back. Mr. M. S. Rao at out apologize in person or by call. He insulted me in front of Public.,emotional_violence
ID_J4WABU3B,[ Gold Rush News ] My Wife Beats Me Too Much – Husband Cries Out In Lagos    ,Physical_violence
ID_3B9E39UH,"I once had this woman and her boyfriend come through my lane and ask for a cart token, and when I told her we were sold out, they went off at me saying I was lying because her friend got one from the store (never said when), and told me I should be fired and don't deserve my job.",economic_violence
ID_6SHU3RAH,"9/8 a public hol, I had mask on, wiped mist from specs, cashier called her manager, because she provoked me to swear, not at her, told her I was sick of the Corona thing, mgr told me to leave store, humiliated in front of staff &amp; public (Pick 'n Pay) ,he also made video, illegal",emotional_violence
ID_G23I120Q,"Chip, my husband better have a big stick or kill me after he beats me. I'm for you! I love you. I love all people! I'm a fan",Physical_violence
ID_7O861KLM,It appears that it was not lawful in 1987  but I was told that I could quit or be fired because I was pregnant. I was 22 and had no clue it was illegal. No woman should have to choose their family over their job.,economic_violence
ID_ZPGSRZFQ,"My mom says that if my bf/husband ever beats me up even just once, I should leave him.They say they'll change but will they really?For good?",Physical_violence
ID_7J4JESW2,Every single woman my boss's in the military seen me talking to would be pissed and assume I was sleeping with them. They would harras me and them (jealous because they want to sleep with them) saddest part all these men were married. I was fired from jobs because boss jealous.,economic_violence
ID_3OSOU3HY,"Look our new President who has not made a public spectacle, insulted someone, called them a name, or embarrassed the country in front of the world.  He is doing his best. Can't please everyone. He makes me proud!  ",emotional_violence
ID_NISU6OYX,"Which shows how stupid he is!😏Seriously? If somebody humiliated me In public like Trump did him, I’d not be saying it was fine. What a schmuck!",emotional_violence
ID_68TO9EQI,"Still trying to beat husband at chess. My game is getting better but he still beats me very time this year. I have beat him twice, once in 2018 and once 8 years ago and then we stopped playing. We play daily now",Physical_violence
ID_1ZN2VH0L,"Imma start saying I have a husband who beats my ass, won't let me have a ring, &amp; when he sees someone talking to me he kills them &amp; beats me",Physical_violence
ID_0WH7GRC3,"He's the first President (wow, did it pain me to write that) that I have ever insulted in a public forum.",emotional_violence
ID_7ILENDMJ,"""Hijab is my choice, if I don't choose it my husband beats me at home"" Muslim Lady",Physical_violence
ID_8Q3T04UQ,"Once the word Rape comes up it never ends well for a guy.. All a lady has to say is ""he raped me"" and she'll be believed.  Bros we gotta start seeking consent right before every stroke Cuz these ladies will ruin you. You can never win once they are out to get you.",sexual_violence
ID_ET52045W,"Someone insulted me that I was as black as a pot in public transit,I told the person that he is stupid cuz pot of this generation are fair and clean than his entire generation combined,cuz dey are steal dwelling in poverty nt being able to afford 3k g gas or hot plate.  Thread",emotional_violence
ID_7K9RP3X0,"My husband beats me whenever I ask for money, woman tells court READ MORE  ",Physical_violence
ID_KQA1MCSY,"In other news, there’s a mom who one got her son an attorney because he raped (my daughter) and his grandfather is an investigator. Pls help me in hiring better legal help to get justice against sick privileged kid.Pls Share my pinned tweet. Link in bio",sexual_violence
ID_EIANG5AN,"2 freshman year of college,  that I was paying for by the way, at a dinner where everyone was dressed up. My father required I be on perfect behavior at all times in public my entire childhood but he came into my word and publicly humiliated me.  The apology the next day was ....",emotional_violence
ID_OMGSEE7D,"I’d be happy if they’d admit it to themselves at least and stop, seek counseling. My rapist thought raping me would win me back. When it failed he raped a friend to make me jealous. It’s so twisted, I still struggle to wrap my head around it. It knocked the wind out of me.",sexual_violence
ID_AZZ1O235,"Felt like Sardar Patel when Cong leaders 'insulted' me: Shehzad Poonawalla   of raising this issue in public, why he had raised these vital issues, in party forum?//toi.in/LzDQla/a24gk via",emotional_violence
ID_SOUZLHK0,Victim: My husband beats me.  Unathi: Well you should have dodged his fists.  ,Physical_violence
ID_D0BT792H,"😂😂CHALLENGES MANDOLA FACING DUE TO CHILD MARRIAGE.😂😂 Am mandola Alice, 25 yrs old from mongo Zambia. I was forced…  ",Harmful_Traditional_practice
ID_HKN8CMPD,"Oh my God, I hope isn't dating Mat again not when he humiliated her in public, he will never respect her in the long run, someone please tell her she deserves better than Matt, oh God this literally makes me sad for her the thing young people allow in their life😭",emotional_violence
ID_APM20SWO,"My husband beats me as if we are in a boxing competition,” woman tells co...   via",Physical_violence
ID_UDK4X5VB,Lmfao I can just imagine her in the witness chair being like “HE RAPED ME! HE KISSED ME WITHOUT MY CONSENT” and court being like “that is not how dat shit work so uh the defendant has been declared guilty” then she screams “WHAAAAAAAAAAAAAAAT” in a high pitched tone.,sexual_violence
ID_7IO041GJ,"me too and i agree that fgm is worse, for many reasons I can't imagine the trauma inflicted, my complaint is about Fomo I can't remember it but it was traumatic when I found out about what my mother had done to me still nothing compared to to the type of FGM that was forced on u",Harmful_Traditional_practice
ID_U4SRDWSJ,imma Indian my daddy was a janitor mom and dad had to elope my kids went to public schools i was fired from my teaching job because i was visibly pregnant i was the first breastfeeding woman to take the NJ State Bar,economic_violence
ID_MHV27EU1,A woman went to visit a Doctor with a black eye!  Woman: Doc my Husband beats me up everytime he comes back home...  ,Physical_violence
ID_K9L9XQM2,Found some pics of me as a kid before puberty completely raped my body lol. Weird moment. He was a cute kid actually and I dont hate him for not telling his parents he was actually a boy bc he didn't want to stress them out when they were already quite stressy and confused people,sexual_violence
ID_YQYY41WA,“My husband beats me for not bearing a male child”   via,Physical_violence
ID_9W02BXOH,Who is covering for your dad? He is a well known sexual predator. Your mom said he raped her right? How about all of the other women accusing him? He did say your sister was a fine piece of ass too or something like that. Kind of creepy if you ask me.,sexual_violence
ID_RTI5HWHK,"He was falsely accused of rape by a bunch of skanks who have done nothing but conspire &amp; lie. He's every right to seek answers. And btw, i'm not a Salmond fan but i'm a huge fan of justice. If it was me i'd be suing them all, especially the lying scumbag who said she was raped.",sexual_violence
ID_E5ZPIYOP,"Can’t go anywhere (via public vote) for 5 years, but as he continues to be humiliated in Parliament by SKS, (if/)when we get through C-19 &amp; face the catastrophe of (likely No Deal) believe me the Tory knives will be out as his incompetence continues to threatens them.",emotional_violence
ID_2GQZ78QK,"So if I have an argument with my husband and he beats me, I provoked him? What about if I laugh at him, or say something he takes the wrong way, or don’t cook what he wants for dinner? Clarify what you mean by provocation. Bcoz unless he’s acting in self defense-no excuse for DV!",Physical_violence
ID_AG2JBLO7,That means U had smooth 1? ‘My boss fired me because I refused to have rough sex with him’ –Toy store worker  ,economic_violence
ID_1RPI52WC,be careful who you associate with. I said my opinion about and he proceeded to call me out in a public  tweet and I’ve been getting verbally abused and attacked all day because of it. A real role model right there for calmly saying my opinion,emotional_violence
ID_JTGMKFIB,‘I was forced to marry my rapist aged just 11 after he got me pregnant at 9’: Inside America’s shocking child marriage epidemic -    ,Harmful_Traditional_practice
ID_MJDB8OSV,"Idiom :عبارة  Two wrongs don't make a right :لا تعالج الخطأ بالخطأ  مثال :Example  I really wanted to punch him after he humiliated me in public, but I knew that ""two wrongs don't make a right"". أريد حقا بأن اضربه بعد اذلالي في المكان العام لكني أعرف بأن الخطأ بالخطأ مايعالج.  ",emotional_violence
ID_YD1CKDUW,"They have more than rights in the bedroom. They are a protected people. Trust. I was fired from a job because words put in my mouth were deemed offensive. I explained that there were offensive things said to me, but as a straight black woman, I am not protected.",economic_violence
ID_BYI2R82P,"Sentence: Throne Ran In My Foot ""Mere Pair Mai Kanta LaGa Hai - He Has Humiliated Me In the Public "" Is Ne MuJhe Sar e Aam BeizaT Kya He.",emotional_violence
ID_LC0GCG1U,"I started reading ""Infidel: My Life"" when I was traveling through Thailand in 2014; and I found her life story to be particularly harrowing (including experiences of forced marriage, honor violence, child marriage and female genital mutilation).",Harmful_Traditional_practice
ID_MLASXTU9,In what world do we live in where people think they can take te right to hirt or kill someone. Honestly i would not even once hesitate to kill him if he treatens me with a knife. And the police yes all they do is talk. They even ask a person who gets raped if she was dressed well,sexual_violence
ID_CO9MXJID,"My brother just sent me this clip ""Lunch has been served"" : NOLA woman beats the cold, sends husband Popeyes through bank's drive-thru tube  ",Physical_violence
ID_UFWEBSDW,Shoutout to my mom for saying she hopes my future husband beats me for not cleaning up after him so I can learn my lesson gotta love traditional family views  ,Physical_violence
ID_E9G36Q7H,When I was insulted in public today took me back to when I used to have arguments with my ex - and how he would verbally go for the throat.,emotional_violence
ID_6GLOFOT4,"New rules to help end child marriage in Cameroon MAROUA/YAOUNDE, Cameroon – “I was forced into marriage by my fa...  ",Harmful_Traditional_practice
ID_UMESKP9M,"My Wife Beats Me Often, Separate Us, Husband Begs Court    ",Physical_violence
ID_K6DO62NK,My ex raped 14/15 year old girls in China’s prostitution houses. trafficked.  He is millionaire. I have to drive my 7 year old kid through covid and protests. 12 hour drive. I’m a single mother. Court ordered me. I face 5 yers if I don’t. I’m immunosuppressive immigrant. 1/2,sexual_violence
ID_P17YB03P,Hopefully he talks about me getting raped and robbed in Melbourne  ,sexual_violence
ID_QLS7PI3K,Watching SOTU reminded me of the scene where a husband praises his wife in a public dinner speech but the audience knows he has just viciously abused her physically and verbally at home.,emotional_violence
ID_DIF4CS9D,"I was fired in 2017 from a gig job, and pushed to resign in an At Will state in 2018 as an alternative to firing, because I was married to another woman.",economic_violence
ID_J09KD63K,yesterday i humiliated my male leopard gecko Godzilla with a dapper lil hat. he too adorable  and is now with his forever mommy (me) he was meant to be a rescue and rehome but he stole my heart and watches tv with me and goes out in public like a boss  ,emotional_violence
ID_ZS2Q6Q8N,‘My boss fired me because I refused to have rough sex with him’ – Toy store worker  ,economic_violence
ID_VEXC3H5I,I want to buy a new board game that I can play with my husband.  We've been playing scrabble but I need some variety (and he beats me all the time!!).   Please don't say Frozen 2 top trumps because I can't do anymore of that either! ,Physical_violence
ID_G5VJ70RG,"“I felt the razor-blade, and when I saw the blood on the midwife’s hands I was going to die."" 87% of women in undergo female genital mutilation even though it is officially banned. Often it is who perpetuate the practice  ",Harmful_Traditional_practice
ID_P3YBOV1V,when he insulted Sona in public. Both actions are wrong. My problem with Veena is that I think she is capable of all these things given the right motivation. She did hand Sona over the the police. But she pretends to be nice when things are fine. So she scares me more 😂,emotional_violence
ID_FR76NQBV,Are we playing oppression olympics? Because I can do that. I’m lily white but my first memory is being raped by my lily white grandfather. There wasn’t a fucking movement in my corner. No one broke into a Nike store to defend me. It stopped because he died when I was 12.,sexual_violence
ID_VUH36CKS,"My Husband is a Sadist, He Beats me During When We Making Love  ",Physical_violence
ID_CFGW6KRE,"I am Sandeep Dixit from Agra, today while traveling in train 12137 I got on wrong compartment by mistake he charged fine of 2000 and slapped me in public, and insulted me in front of everyone, no one is listening my quories in station about this issue. Am I not Indian ?",emotional_violence
ID_L41TEAV3,Amen sis.... Few months ago my dad was telling me about a lady who beats up the husband and rains abuses on him every single day in front of the kids.. He drinks now just to drown the pain,Physical_violence
ID_ICLH7X4D,Absolutely I agree 100 % he is being victimised ..  targeted and humiliated .. public  I really think we need this in the spotlight .. or  tomorrow its me or you,emotional_violence
ID_NFPCOW63,"My wife beats me at will, divorce seeking husband tells court: A…  ",Physical_violence
ID_MUZHE35B,It’s very scary. The stress has hit my gut. My wife was fired 2x’s in 2020. Once because I was hospitalized so being married to a woman lost her job the other was weird. Insurance companies owned by top 1%. Monopolies are an issue. They all backed rump.,economic_violence
ID_MDPUE43V,This beats my story about me and my husband's 2nd date. It wasn't going well. He told me he had to get something out of his car and left.,Physical_violence
ID_Q60GU6G7,"I was told by a woman fired from her job after 14 yrs because of her back problem 'If you want loyalty get a dog.""  ",economic_violence
ID_YOCGB95L,it confuzzles me how some people still want Kim to be with the ex after he cheated on her more than once and humiliated her in public 😒,emotional_violence
ID_V2YY5X65,"I just don’t like it at all, their privacy was invaded and I would be humiliated if someone filmed me in a public bathroom. I reckon he would probably get a fine or something.",emotional_violence
ID_3Q6QBWHU,"My husband brings different women home, beats me up if I complain � Wife tells Court   via",Physical_violence
ID_E8WNXA2O,"I will kill my future husband, if he beats me, says Ese  ",Physical_violence
ID_07C0WK81,"It’s sad because he’s not the only man to have ever raped me, just probably the one that took me the longest to get over. The few people I have talked to about him have told me the same thing happened to them.",sexual_violence
ID_CWWW2D11,"I Will Kill My Husband If He Beats Me – Former BBNaija Housemate, Ese    ",Physical_violence
ID_V37LUIX9,100% yes. My husband bought them for me last year for Mother’s Day and I was originally like “but I have beats wireless” and I haven’t touched my beats since.,Physical_violence
ID_1LFYVUIC,"My wife beats me, divorce seeking husband tells court    ",Physical_violence
ID_3UICOR8P,It was clear to Brittany Higgins she had to resign for being raped. It was clear to her partner that he had to resign for being the partner of someone who spoke about being raped.   Don’t come at me with bullshit about how an accused rapist is entitled to one particular job.,sexual_violence
ID_F0CCMXR1,I once worked in a place that told me I wasn't fit for the job because I didn't smile enough at customers. I wasn't rude &amp; my humour is pretty deadpan.  But I was told (by a woman) I needed to smile more &amp; 'be more fun'.  I came in wearing a t-shirt like below &amp; she fired me lol  ,economic_violence
ID_J06933NF,My husband beats me every Friday is a joke? Girl who brought this woman on the show???,Physical_violence
ID_MVNZNV3Z,My husband beats me.   Ryan Grim: It is sad you are not working together to solve problems. Put blame wherever you want. It didn’t have to go this way.,Physical_violence
ID_M3O2XZKR,My mother scolded me in public because of some mistake. my father immidiatly told my mother to come inside as people are watching it and you are in public place.uske baad Ghar main fatkar padi papa se bhi..but he didn't humiliated me Infront of so many people.and I love him♥️♥️♥️,emotional_violence
ID_9208NSJR,"it was inappropriate for him to tell a woman what to do with her body. He cut me off and loudly threatened to have me escorted out. I was so baffled and humiliated that I ended up crying in the locker room, reliving the many public undressings by dress codes in my life.",emotional_violence
ID_5G0Y46KD,"“I went to deliver corn to the suspect when he raped me, after defiling me for the first time, he felt he wasn’t enjoying the act enough and so he used a knife to cut my private parts to widen it to make him feel more comfortable. Suspect has been arraigned in Ghana  ",sexual_violence
ID_HLF2YT7E,"I guess each to their own but I v much agree with you, I’d feel absolutely humiliated if my (future)husband told me off &amp; put me in my place, nevermind in public. Ofc I wld also do my utmost to treat him with respect, but if I did smth wrong I’d rather he didn’t treat me this way",emotional_violence
ID_0I05NLU2,"If he humiliated me in front of people Ladies, What can make you confidently slap a guy in public?",emotional_violence
ID_CWYOFIEX,"DTN Nigeria: “My husband beats me like a boxer” woman tells court: A trader, Fatimo Nurudeen, on Friday pleade...  ",Physical_violence
ID_R2Y1TRW7,"My wife engages in dirty deals; beats, threatens me with juju —Husband    ",Physical_violence
ID_R7LRQQIE,"A woman raped by A male: psychological horror, ptsd, whole life ruined, often commit suicide.  A men forced to have sex by A woman: ?????????  I don't know. Tell me what does he feel?",sexual_violence
ID_9E0C9UGF,ISIS orders all women and girls in Mosul to undergo Female Genital Mutilation. I see things are going to plan nicely,Harmful_Traditional_practice
ID_PSZD7PRR,I dunno...how about the mothers who have their daughters subjected to FGM? And underage forced marriage?,Harmful_Traditional_practice
ID_UC7RFUF4,"If my boyfriend/Husband/Side/bbyDaddy  whatever beats me and i fight back, Do i instantly become an abuser too?",Physical_violence
ID_IBV8UHS1,The Ghost is a beast and so is the Falcon! I got the Imperial Decimator to try and compete with my husband's rebel ships and he still beats me just about every game!,Physical_violence
ID_LLVVQLHS,"Omg.. I should be greatful to my husband if he beats me.. Because ı am not a grpwn up person, need men supervizor..",Physical_violence
ID_XIFM1506,"‘He Raped Me, The Corps Member Is Innocent’- Woman Says Man Hacked To Death In Akwa Ibom Is A Rapist (VIDEO)    ",sexual_violence
ID_6NDNNFQ8,"I will kill my husband, if he beats me, says Ese    ",Physical_violence
ID_GQTJNF8I,"Emotional to hear Child Marriage Survivor TY 4 testifying""Forced to marry my rapist, I could not enroll in school at 16 when I left him, I need my parents when I wanted to enroll I was told I needed to bring my ex-husband. Lived &lt; the poverty level for a decade.""",Harmful_Traditional_practice
ID_TWDS8FFK,"Child marriage is legal in 48 states, and tonight  listens to the stories of women who were forced to marry as children. I Was a Child Bride: premieres at 9 PM.  ",Harmful_Traditional_practice
ID_4XBQMEUS,Started by the head of our country that you support even though he insulted you many times in public. Give me a break Marco!,emotional_violence
ID_TXO0KF3U,"Dear Laura, this is Shagufa Habibi, originally from Afghanistan. I was forced in child marriage when I was 16 and escaped my home on 2015. here is my story   I will be grateful to talk to you in details and if you are interested in sharing my story.",Harmful_Traditional_practice
ID_ETM9FM27,My boss fired me because I refused to have rough sex with him: Sexual Harassment At The Offic...  ,economic_violence
ID_I78E8SWG,"“I am not feeling fine about it because I feel that I am not normal. It’s like a part of me is missing. I blame my mother's family"".   Young woman from recounts her forced story.      ",Harmful_Traditional_practice
ID_63ZTT7PJ,"Jeremiah Kioni booed by public at Hannah Mudavadi’s Farewell   Jeremiah Kioni, Ndaragwa MP: In 2013, I was Musalia’s running mate &amp; after voting, it was said that I did not vote for Musalia . As a politician, he would have insulted me but he gave me an opportunity to explain  ",emotional_violence
ID_NJSBUKXV,"vanguardngrnews: My wife stronger, beats me at will, husband tells court     ",Physical_violence
ID_MYA0H0SI,my mom told me &amp; S to unload the dishwasher... guess who beats me to unloading it?! Watson!!! husband material 😉,Physical_violence
ID_PI5M89I9,She is absolutely terrified of him...he probably beats her when he’s drunk!  I know my alcoholic husband tried that shit on me...thank God I had the good sense to get myself and my kids out immediately!,Physical_violence
ID_LY5L4XD3,"I don't understand that I live in a country where the leader of that country can speak in such inciteful terms and still get votes! Shame on him and shame on the British public for not demanding better!  Apologies to all insulted, he does not speak for me!",emotional_violence
ID_LCVL5J6A,"Especially after I chose to stay with my boyfriend after he almost raped me, I would be betraying myself if I turned around and said she’s disgusting for believing her friend",sexual_violence
ID_XYTODOA3,"I wasn't promoted because of a racist district manager- a white woman like they all were- who then promoted a thin white blonde girl, who had a spotty job history and ended up showing up late so much she was fired a few months after I left. I was there 3 years.",economic_violence
ID_N989MB0Z,I remember way back when i cried to my parents and humiliated myself in public just for them to buy me a ticket for purpose tour and waking up the next day  that he cancelled it..... im still mad about it hun,emotional_violence
ID_MBSI50O9,"Uganda FGM ban: 'Why I broke the law to undergo FGM aged 26' Sylvia Yeko says now feels respected, even though female genital mutilation is banned in Uganda.  from BBC News - World  ",Harmful_Traditional_practice
ID_O4D5US21,‘My boss fired me because I refused to have rough sex with him’ – Toy store worker   ,economic_violence
ID_FZ2DRDP5,"Your Dad is my Husband ☺ But do pick dem beats, we trust you ;) RT pls let me pick the beats for your next album dad",Physical_violence
ID_PURRLTIY,Oh she giving me my shit back. But I wouldn’t even try no female telling her to take my clothes off. IN PUBLIC. Outside and it looked super cold. Like no that’s humiliation and yes I know he humiliated her but no one deserves that. Idc idc idc,emotional_violence
ID_W2A4DLD4,When I tell you they did this to me at Burlington. I was never of the fastest cashiers and I did damn good at my job. They promoted a yt woman to supervisor that was hired the same day I was after just 4 months of working there. She was fired because she stole over $200..  ,economic_violence
ID_QBNBY3MS,I Think I Dont Deserve Respect From AnyOne - Always Been Humiliated - By Public &amp; Bloody Ulama Also - Now If SomeBody Treats Me Nicely - I Feel Awkward - Why Is He Being Respectful - Why Does'nt He Kick Me In The Teeth Like These Bloody Ulama With Envy Hate &amp; False Pride,emotional_violence
ID_9OCAK8I3,"But the way you insulted him on stage with Shahid kapoor, that was very bad. I will not judge your acting because you know it better than me😂. But how do you feel when your daughter gets insulted in public. He was someone's child but you forgot that.",emotional_violence
ID_P1RQXP65,For nine precious months My husband travels with me As the new heart beats ,Physical_violence
ID_LKSV68JF,"and for the record, I was fired from my first job by a woman after 3.5 years of employment...  Simply because I transitioned on the job",economic_violence
ID_N0N6509U,"Married 1 y, working as a secretary, taking night school courses to become an accountant, eyeing my first acctg job.Btw when I was hired my new boss said “I’m going against Corp taking a chance on you because you are a woman. If you fail, I’m fired too”.  But hey, no pressure.",economic_violence
ID_IAOAJB8R,"lol that a woman I work w at my PROFESSIONAL ADULT job tried to get me fired because she ""could tell I was gay""",economic_violence
ID_DJLBZFWH,2. Shame on you for releasing a man who raped an 8 year old girl . Do you also laugh and giggle at that ? You disgust me doing that to black citizens . What issues cause you to be racist? The in turn suck up to Biden after all he said about black jungle in a school.,sexual_violence
ID_S0VMEPNQ,"you were one of my favourite pornstarsn and hearing this make me sad, i'm sorry for you thats must freak the shit out of you,anyway it's good that he never raped you or something, wish you the best in your life Bibi ! you're amazing",sexual_violence
ID_R9UOJD64,"It was unplanned=he raped me, I didn't consent How does kissing equal to consent to have sex?",sexual_violence
ID_FEMUFW5P,Checkout today's newsletter!   My husband and I are very competitive when it comes to these rides. He always beats me at the buzz lightyear's space ranger spin. But I always beat him in the similar Men In Black ride at Universal. We have so much fun though!  ,Physical_violence
ID_INLQ45UV,Because of what you say about women. Because I just lost my husband I was fired from the last job I had my mother was dying craziest she was I loved her I was depressed. a welfare check meant breaking into my house and surrounding a sleeping woman at gunpoint ready to shoot her.,economic_violence
ID_GBOVVNDW,"Woman returns husband’s N20 dowry, says “My husband’s culture is full of taboos; he beats me till I bleed, draws knife at me”   Tribune Online  ",Physical_violence
ID_5OGDHZOP,ptsd because i didn’t serve in a war like he did. he then was like “i saw people die in front of me and i bet you never saw anything like tha” and completely just shat all over it. plus vietnam veterans also raped and killed innocent civilians in villages while at war :///,sexual_violence
ID_DT50EKYS,"HE INSULTED ME...  About six years ago, I was having a discussion with someone in public and he insulted me.  I simply smiled. Then, I told him that I research, write about, and teach what we're...  ",emotional_violence
ID_J2JZFOIX,"Not condoning shi but 2 wrongs don't make it But if my husband beats me ehn I'll hire ppl to beat him too, den we even",Physical_violence
ID_I2A5LWVP,"Meanwhile, over on FB a man has just suggested telling women to not go out at night to avoid being raped is just common sense, like locking his front door when he goes out (although the conversation has lead me to follow the brilliant so that’s good)",sexual_violence
ID_WXW6WF0I,This screams my husband beats me but then guilts me into feeling sorry for him,Physical_violence
ID_VMWM4ZVI,"😂CHALLENGES MANDOLA FACING DUE TO CHILD MARRIAGE.😂 Am mandola Alice, 25 yrs old from mongo Zambia. I was forced into an early relationship❤❤  ",Harmful_Traditional_practice
ID_EI917IH7,No chance.  now cheers on the guy that insulted Ted’s wife and accused his father of murder.  That makes Ted pathetic.  He’s not going to change.  He plays games for personal power.  Who has he helped during his time in public life?  I got nothin’ Somebody prove me wrong,emotional_violence
ID_369PRP4A,"""My husband beats me because he loves me"" - Maya Khan's Planted program that shows ALL…  ",Physical_violence
ID_AI0V759R,"If he ever in the future would give me a public ""like"" on a tweet, to be honest, I think I would feel deeply insulted",emotional_violence
ID_QVLWZRU9,"My husband is irresponsible, beats me and my parents – Woman tells court  A middle age house wife, Mujidat...  ",Physical_violence
ID_9LUPA7YD,What saddens me so much is the waste of talents these dedicated people have done for us in public service for so many years then be verbally abused by this autocratic president and the appalling level of incompetence of staff he has appt. you were one of those qualified we miss😢,emotional_violence
ID_FW0MP7RH,"Got fired from my last job because I'm a big bag woman with opinions, and he didn't like that I was collecting evidence of his racist/sexist behavior and blatant disregard of food safety regulations.",economic_violence
ID_H243L8ZU,"if he raped me, no. i cant let that shit get out fam",sexual_violence
ID_MCNWW01B,"Damn, we gotta choose between Black KKKlansmen and My Husband Beats Me 6?",Physical_violence
ID_RD764LJN,me my husband *beats you up*,Physical_violence
ID_YAV6NN9N,"I was referring to stuff like rape, DV, prostitution(women are overrepresented), pornography, FGM, child marriage, forced marriage, honor killing, war time sexual violence, disproportionate domestic labour being put on women. Do not downplay these serious matter. Be an ally.",Harmful_Traditional_practice
ID_ZKD51OXB,ME: ‘My boss fired me because I refused to have rough sex with him’ – Toy store worker  ,economic_violence
ID_3DQTPSIU,Idea comes from creates so u tell me why ie is being shown to the public he has insulted why u think in that sense we know Dfk he as acted in A films so he knows this 2 people Ramiya Panikar has acted as Kavitha koshik in between Abinave &amp; Rubina,emotional_violence
ID_5FR9MEBW,Wow.  Shame on What an absolutely despicable attempt to fool vulnerable people.    This makes me want to not just lose this election but to lose so badly he's too humiliated to appear in public again,emotional_violence
ID_W4ZRXAJQ,He dated me when I was 15 and he was 18 going on 19. He verbally abused me daily. He would drive 90 mph on almost any road with me in the car. He screamed at me in public. He drug me around to all of his car meets and his friends all saw how I was treated.,emotional_violence
ID_EA79Y348,"A man just got humiliated in public by me, because he did a “verbal harassment” to me. You don’t know me well...just don’t mess with me, then you’re safe.",emotional_violence
ID_4FO9XILF,he humiliated me with a perfect in public...in front of my family god dam it! Savage!,emotional_violence
ID_ESEY5ZIH,So sorry that happened to you Lou. A friend’s sister was raped by her taxi driver. He drove her out to the middle of nowhere. There was nothing she could do. I now call or fake call from every cab I ride in alone and make damn sure the driver hears me.,sexual_violence
ID_MN6BBIOL,"If a female left me just because I was ""FIRED"" from my job,"" that would be weak of her as a woman and shallow.",economic_violence
ID_T48NF5FX,"If my husband beats me, then threatens me, I'm out of luck becos I didn't report it the first time?",Physical_violence
ID_5ILKBM92,"My husband beats me a lot, please separate us, wife begs court    ",Physical_violence
ID_H12LP2F0,my husband beats me to it... he's up an hour before me :),Physical_violence
ID_ILSTU4D8,"Streaming some low key Animal Crossing gijinka's today, all compliments of my husband's suggestions. Come hang and listen to some chill beats with me!   ",Physical_violence
ID_L760067G,Cb asking me whether 200 woman can get raped in a month??  He sleeping under the rock or what sia??,sexual_violence
ID_XEFSPMEE,"P9-con:aunt Liz,pops didn't give me up,he honor his word&amp;laid his life down,to agreement to meeting held in Toronto with heads to the Italian mob family's 1991,pops goddaughter was brutally raped while in the custody of the HamiltonCC,CAS in 1965&amp;she was 4 yrs old at the time P10",sexual_violence
ID_6DEWBD03,Like no joke beats anything my husband has ever bought me by bringing these home from work tonight!!! Thank Steven Jr Niro,Physical_violence
ID_ULVZ7QJ1,its funny how he doesnt realise that he indirectly insulted me in public and still he thinks i am the one to blame for all that i have done,emotional_violence
ID_G71FK462,"Hershel Walker, read up on what he’s done, Central Park Five, Birtherism, separating immigrant families and putting kids in cages. It’s not only about you and your experience with the man. It’s like saying, “he’s not a rapist, he never raped me.”",sexual_violence
ID_O32JX4BO,Around guys again. A guy ( who was friends w the guy who raped me) who I thought I could confide in and trust because I thought he would support me told me “ well he’s like a brother to me so I can’t just drop him it’s just a really shitty thing that happened”,sexual_violence
ID_TM35MLE5,"husband frequently beats our children for the smallest mistakes they make. I tell him that mistakes like those don’t call for harsh beatings, but he ignores me. I told my family and his family but they believe that I am being over protective. What should I do?",Physical_violence
ID_SF4R2BWD,A few years ago I had to quit a job because I was being severely bullied by my boss and I was becoming increasingly miserable... this woman ruined my passion for what I thought would be a life long career for me.. Today I found out that she got fired on Christmas Day. I chuckled.,economic_violence
ID_Y6ZR59JK,"I’ve lived +breathed this form of smear campaign. He described me as ‘radio rental’, deliberately made fun of me, belittled me in public to the point I would either cry/walk off. He denigrated my career to others, humiliated me. But ALL subtle in public.The eye roll if I spoke.",emotional_violence
ID_6IH0E6TQ,I Was Fired from My Job Because I Voted for Obama – Woman Says |    ,economic_violence
ID_WYFXAHB2,Brother you have asked me enough question now ans my q is your scriptures not unjust with the wife of a husband when a husband irritates his wife when he beats his wife what if the wife does not want to live with that man,Physical_violence
ID_KQGI11C3,I was  sexually harassed for 6 long years on my job by a woman. I documented everything and when I called loss prevention I brought in 3 journals. I got fired because I'm a whistleblower but this lady work for the company for 19 years and she got fired as well.,economic_violence
ID_XGHL2YT6,"When I think of magazines like that, from seeing the covers in shops, I think of stories like ""my father raped me 12 times while I was going down the aisle at my wedding then he raped the groom and all his family"". With that cheery TV Quick-style design.",sexual_violence
ID_XQB44LQR,Got fired last September from an amazing job because they found out I was born a woman,economic_violence
ID_5NC681KD,"Abu Alqama reported: A woman went out to pray during the time of the Prophet, peace and blessings be upon him, and she was met by a man who attacked her and raped her. She screamed and he ran away. Then another man passed by and she said, “This man has molested me!”",sexual_violence
ID_9U9MLZ9S,"As a single mom in 1977, I became a carpenter. I was always the only woman on the worksite, paid less than the men and harassed for taking a job from a man and his family. I was fired because of my gender.  Justice Ginsberg fought to change that. I mourn her passing.",economic_violence
ID_66BP2JQS,"""Harlan Ellison"" has passed. He once told me ""I was up to my ears in sh**"" because I ventured an unsolicited opinion on his book covers after the amazing Dillons no longer did the cover art. It was a complete thrill to be insulted by one of my favorite  writers- on public radio!",emotional_violence
ID_W6EJAVBM,"It’s February 28, 2021 and Joe Biden is still NOT my President!   Where's the movement for Andrew Cuomo? 🤔  I had a boss with the initials KK demand sex from me because he was a porn addict. When I refused l was fired by a woman in HR who was sleeping with him.",economic_violence
ID_L6QG26RT,Someone said i should gain weight so that my husband doesn’t kill me when he beats me. I was sad for 2 weeks,Physical_violence
ID_8A7ZYM7C,My dad still calls me he/him and my deadname in front of people and out in public. People get so confused and I get humiliated.,emotional_violence
ID_0LXX4WZJ,"I have stayed away from this, but to see how they have insulted her in public and now her in wanting to make deal's with is to me, they dragged 🇨🇦 government into something wanting our support but look how he treats our Prime Minister.",emotional_violence
ID_YG19W6VP,I was drugged and raped by a coworker who also took photos and invited a friend over to rape me as well. Everyone loved this guy. My supervisor didn't believe me. I transferred. He and his friend were killed by a drug dealer 6 mo later for doing the same thing to another woman.,sexual_violence
ID_74VKG5Y5,"Beats me. My husband thinks that they'd been threatened with being fired but heck they're already not getting paid, what would the difference be? And if they did get fired, it would still take a while for the TSA and FAA to restaff.",Physical_violence
ID_K40ZK1NH,"The woman who molested me was raped by her father as a child, coerced into a 3some with my grandparents My mother who mostly enjoys male company, but goes ""bi"" was raped and stabbed at 13, then raped by her father when he was in a drug trance and mistook...",sexual_violence
ID_ZD8OQV78,FUCK YOU I WAS BY A OFFENDER WHO HAD SOMEONE ELSE BEFORE ME I DIDNT HIS HE HIS LIFE,sexual_violence
ID_HI9EQTLE,But you're already dead once raped or at least some part of you dies.... I'm sorry but he might as well finish me off then. Then be alive and be ridiculed by the SAcan police and justice system and oh society nje as a whole😔,sexual_violence
ID_WBP3JKO7,My husband has just put on to drown me out.Fair play I have been talking about the link between sheep dogs and samba beats.,Physical_violence
ID_IW38E91E,"i almost got raped by my uncle when i was 6 years old. when i was in grade 4 my classmate, he pressed his private part behind me. and this is the reason why i want to become a lawyer. i want to get the justice for others that i didn't get.",sexual_violence
ID_QULPYDGC,"The same people who are fine with trump's 26 sexual allegations against him, including a 13 year old he raped, want to see Cuomo impeached. Give me a fucking break!",sexual_violence
ID_JKAO6MPN,IF he raped someone .. I 100% agree . Before you me read the comments first bye,sexual_violence
ID_SGXCD43H,My husband always beats me at FNM.,Physical_violence
ID_EF1SUSZI,"Two years ago, today, Tom Owens was humiliated in court. And now he's pestering me in public forums.  ",emotional_violence
ID_D6AUDG1Z,Friend who's clearly in distress:  My husband beats me. Tulsi: Maybe you shouldn't make him so mad.,Physical_violence
ID_BH8BXAMD,Same as mine  I told him and he said sorry am in another relationship and i wish to continue it throughout his lyf ...then  he insulted me infront of the public infront of ma frnds... By talking about it I Loved him...but he take it as a shameful thing in his life loving by me😢,emotional_violence
ID_GUR7UFO3,"“My Wife Beats Me Everyday” – Husband Tells Court: A 75-year-old man, Fashola Fakorede, on Thursday urged an I...  ",Physical_violence
ID_VG53BTWK,I left Salif Keita's employ 010413 after being insulted in two languages in public. He wanted me to hand over my past three months salary!!,emotional_violence
ID_UZR4QLUK,I read an article by an African woman in her 20's who was tricked by her mother into coming to a hospital were was forced to have,Harmful_Traditional_practice
ID_3JN1H9N8,"Believe me, in 2016 I was a Bernie bro telling everyone their vote for Jill Stein was a vote for Trump lol...  Having seen Bernie get raped a 2nd time, it’s fuck the DNC, they’re Literally the reason trump got elected, and probably the reason he gets re-elected.  fuck ‘em.",sexual_violence
ID_QSGHQNXQ,RT ‘My boss fired me because I refused to have rough sex with him’ – Toy store worker  ,economic_violence
ID_C1VY1OI4,That’s like saying “I love my husband even though he beats the shit out of me.”,Physical_violence
ID_WEWRH271,It’s a FACT that he raped her.  The difference in viewpoints is me not celebrating him as much.  I wasn’t stating facts and viewpoints together focused only on the rape case. More so on the situation going on presently in general.,sexual_violence
ID_AIQ6GAAZ,My words are what is true not his excuses to not respect no. He has raped me as well. He has rapist mentality and yuk his anything especially sex is not wanted. Gross he is a sick abusive being not wanted in any way,sexual_violence
ID_OTUW0UI0,Fun things my brain said I needed to think about at 2am: remember how my first kiss was w/ a guy who I found sort of annoying but he was the first person to show interest in me and I was 21 and desperate and then like a week later I found out he raped my coworker in high school.,sexual_violence
ID_N3CAZ6ZL,"""I get in trouble from the Women Against Pornography when i wear this. They ask me if my husband beats me"" NY 89  ",Physical_violence
ID_ZD3KCLWR,"""Aunty, he raped me!' Tamara said amidst her tears ",sexual_violence
ID_HY3JFCIQ,Obama is a criminal and i demand he goes immediately to court to be trialed He did the rite for me to be raped,sexual_violence
ID_KLJDAUDJ,This person crossed the zebra crossing and giving no space to me when I was walking and questioned him he humiliated me in front of the public. (CMH signal)  ,emotional_violence
ID_VC6188SY,"I organized a surprise birthday party for my ex. He had a great time. On the way home, in public transport, he proceeded to scream at me that i had humiliated him. All because his boss showed up to the party (she stayed for 5-10 mins) and he had a fight with her that day. 🤷🏽‍♀️",emotional_violence
ID_JLYM0UMW,"""My Wife Is Stronger Than Me, She Beats Me At Will""-- Husband Tells Court... -  ",Physical_violence
ID_RGC9OM7H,He’s just me it’s cos he raped goldri last night and he cba playing him again,sexual_violence
ID_N1WT8GGG,"Did you... Actually watch... The video...? She never says he raped her, but rather that he was forceful/pressuring and they had sex before she was of legal age. Slazo is the one who says ""it's rape time"". All you've done is remind me that he commited STATUTORY rape",sexual_violence
ID_BW8NEULH,"Oh, like, roasted or insulted, but in public to other people. For example, he put up pictures of my posts/retweeted them to his followers, to invite them all to insult and harangue me for asking questions. This was an example of being 'dragged'. Think 'dragged through the mud'.",emotional_violence
ID_GXZDNJQE,Me: Khal Drogo My mom: Karl Draco My aunt: that guy who raped Khaleesi and became a vegetable. My sister: I stopped watching the show once he died.,sexual_violence
ID_XRMYUXMI,"I provide for the family, yet my husband beats me if i don’t give him pocket money – Nigerian woman - Bloogify  ",Physical_violence
ID_3AEGUN98,"as I stated at him. I am sorry, he mentioned. I could tell from his face, he was tired and helpless, but it wasn’t his fault. I understood that part. But sorry couldn’t fix it. It couldn’t change the fact that I was grieving and questioning why I was raped. Sorry takes me back to",sexual_violence
ID_ARPZFRMG,Nothing beats hearing my husband express how proud of me he is 🥺,Physical_violence
ID_APRP4O1O,I Was Fired from My Job Because I Voted for Obama – Woman Says: An Ohio woman has filed…  ,economic_violence
ID_ITQVABH8,"When I was 13, my family was in need of money. I looked up fast ways to get money and I was so desperate I slept with other men. Just slept nothing else. Except one time I slept with an 18 year old. He raped me. He said if I would call the cops he’d kill me. We moved away.",sexual_violence
ID_8FLWNLTN,"So, a Nigerian family in Canada have been seeking asylum, citing fear of their daughter being forced to undergo circumcision (female genital mutilation) , but they lost and were ordered to be deported.  I don't have...  ",Harmful_Traditional_practice
ID_M7HK4BI2,"He might with a better doctor. I’d have him smoking crack in quality tobacco, for the RONA, and practicing Kundalini to overcome his being Raped At 5. I’d let him blow me probably. Why not?",sexual_violence
ID_39RDQQ8W,Here you ago. At one time I wrote to prisoners through the ministry The Solid Rock. The guy told me he was raped repeatedly by a priest. He was an altar boy. He said his parents did not believe him. He was really messed up. It happens alot.,sexual_violence
ID_YI68EQM0,This people is the type of woman to say they want equality n to be treated the same as men but then would play victim as the poor woman n get custody of a child or cry wolf he raped me just to ruin a guys life u can’t play victim one minute n be this powerful strong woman the nxt,sexual_violence
ID_HLRYVURL,Urghh. I was hoping to not have to do this but u forced my hand. Indian gov laws are irrelevant. Hinduism endorses and commands child marriage unlike any other religion. Islamic injunctions are for all times and places. But we have no command that says we should marry young  ,Harmful_Traditional_practice
ID_VU8H0MGI,Prophet Bushiri in rape storm - He asked me to take off my clothes and raped me using doggy-style &gt;&gt;&gt;  ,sexual_violence
ID_CZ9QY9M2,"Maybe if I'm made of sugar and spice and all things nice and feed homeless people on Christmas Eve and get shouted at and humiliated by a man in public, he will one day be visited by 3 ghosts and ask me to marry him",emotional_violence
ID_Y3AHJSAH,And Billy Clinton got blow jobs WHILE IN THE OVAL OFFICE. Don’t  even get me started on the women HE raped. You dems are getting desperate. You guys have nothing and you know it! Joe’s had 47 years and has done nothing for America.,sexual_violence
ID_5PEN5I6E,"He spiked the bottle so he could have his way with my friend 💔😭. I remember waking up on the same bed, when this awful deed was happening and my friend was crying uncontrollably. He raped her right by me side and her cry is one thing I'll never forget",sexual_violence
ID_ES6XLOB1,Seeing a friend of mine posting selfies with a man who raped one of my best friends genuinely disgusts me. “Having your boys back” goes out the window when he forces himself onto another human being. 🤷🏼‍♀️,sexual_violence
ID_J5HY1EKW,I understand but it styll makes me cringe how people say mcgregor &gt;khabib wven after he got raped,sexual_violence
ID_PBPZ6OYJ,"Regarding Bernie himself, could you please show me a quote where he insulted Democratic voters?  Every public figure has some reasonable fans and some terrible ones too, including whichever candidate you support. Do you hold that person to blame in the same way?",emotional_violence
ID_LRGG9OM1,'My Husband Beats And Forces Me To Travel Whenever I Am Pregnant'-Wife Tells Court -    ,Physical_violence
ID_DXGTOIP5,"I was told I was a stupid bitch who deserved to get fired because I told a woman I didn’t know when “that native” was going to deliver her newspaper. my job was exclusively to write obituaries. 2,000 miles away.  ",economic_violence
ID_GSANHWMA,"I'm sitting in some public space. Probably a large restaurant with no customers, typing away on a laptop. A new man comes in with his wife and talks to me. He seems pleasant and we chat. He then sits on the opposite side of the restaurant as I do and acts like I've insulted him.",emotional_violence
ID_BYS11I86,True in some cases before COVID-19.  I lost a good job about 10 years ago because my kid was sick at daycare.  My boss literally said a woman can't afford both and if I was serious about a career I would never have had a kid. Fired next day.,economic_violence
ID_QAY7NB48,So you are telling me that...that bastard Woojin has a child because he fucking raped that girl???!! MAN HE IS CANCELLED AND I HOPE HE WILL GET A HARSH PUNISHMENT,sexual_violence
ID_3YVC959Q,hey sir ur police force harss me while going to psu bank to show your rc no I'd no pollution and insurance nahi thi exprire ho gyi then he asked to cut your challan I say why then he insulted me .. a women is not safe in india.police force also harss to public.,emotional_violence
ID_USNDNDQJ,"tw // rape , epilepsy / seizure  so my friend just told me she was raped by her ex and he got a seizure 4 month later that paralyzed him karma is a bitch lmfao deserve",sexual_violence
ID_36NFJYA0,"I was young. I uncovered recoverable fraud in a public enterprise under President Mbeki.  I presented my findings to an AGM. Bekker was there. He insulted me when his turn to speak, for the format of my presentation. Why does genius so often have to be adjoined to the arsehole?",emotional_violence
ID_OJ9FXXGH,"Now that I think about it, the 13k I asked nick for after he raped me while we were “married” wasn’t nearly enough to cover the long lasting damage to my body and mind. I should have asked for 30k. (He gave me nothing and kicked me off his health care to buy a truck instead.)",sexual_violence
ID_8SV12B7U,"The narcissist ""delegate"" slave pathology of John Mayer: his need for me to feel world ""raped"" like his white fans did racistly believing that I was too ""unsexy"" to ""feel his pain"".  Reality Check: he profiteers off of women, never my ""cost"" to bear.    ",sexual_violence
ID_WOZLA8N0,We all know he was posturing because he was humiliated in public. Dude was having a meltdown. Even if a man challenges me I have enough confidence to not need to retaliate. Especially when the dude is that small.,emotional_violence
ID_FO8RCCJL,"4. Back in 2015 or 2016 (it’s been years, I can’t remember the year anymore) there was a passenger I was driving for Lyft. His name was Thomas. He was working for ABC television in their development department. He raped me while I was under duress. I hadn’t transitioned yet.",sexual_violence
ID_3HSNXOCY,Someone who raped 100+ girls and he tried to rape me too but no thanks dude I know how to fight,sexual_violence
ID_B5SNNB35,So Andrew Glasser rapes a 3 month old baby and only get 4 years. Clarence Moses-El did 28 out of his 48 year sentence because a woman Dreamnt that he was the man that raped her.   Excuse me ??,sexual_violence
ID_CVO122I5,"Wow, me too. 'Cept my husband way too often beats me to it.",Physical_violence
ID_7IITUSST,It’s happened before. I’ve seen it personally. A woman was fired from a job I had when I was younger because of some Facebook pics. Today it’s a LOT worse,economic_violence
ID_DZ1B0SVD,I was almost fired from my first bar tending job because i refused to serve a pregnant woman her second beer.,economic_violence
ID_2HMBY4V7,"and he forced me hug to him, and later he pissed infront one of my friends drunk in public ¯\_(ツ)_/¯ and no one talked about it and someone who knew nothing about him mentioned him wanting to come back and uh “you mean the transphobe who humiliated me and commited a sex crime?”",emotional_violence
ID_9274BH4A,They having it smooth? ‘My boss fired me because I refused to have rough sex with him’ – Toy store worker  ,economic_violence
ID_D76DTZWF,"Ani giving gyaan to bon-we shouldn't create scene in between public which can harm our family reputation  But he's pro at it, Humiliated bon several times in between public,spoiled every damn function  iss doglepan ka kya raas hai?🤔  Me to ani dada👇  ",emotional_violence
ID_9Q8MG6K5,My favourite team mate &amp; husband has ran me a lavender bath &amp; cooked curry. He knows when I’m tired &amp; worn 😴   When I’m frustrated &amp; furious he sends me out with his AirPods for a walk 🚶‍♀️   Who is the psychologist?!   Others knowing what you need &amp; when beats most things 💕,Physical_violence
ID_JEU8Y505,My Husband Beats Me Before Sexual Intercourse – Woman    ,Physical_violence
ID_R7V3XGMT,"My husband beats me at every given opportunity, so I had to file for a divorce to save my life. Stories like this get me really scared about marriage an settling down💔",Physical_violence
ID_XFWJKAF4,"rose has blown up an image of my youngest son saying he would be raped call me a crap farther google-stalked me and doxed my name, my wifes and my children said wifes 'a hole to stick my dick in'",sexual_violence
ID_WNIEK97H,"There are most likely photos of me somewhere with a rapist. We grew up together. How do I know he was a rapist? He raped me. And stabbed me. And strangled me. According to you, Margaret, I'm exactly like him, if such photos do exist.  I beg to differ.",sexual_violence
ID_8SAYLX8P,"""He and his friend exchanged Rounds with me The smell of cigarettes and their sweaty hands Still lingers on me But I thank God I didn’t die that night With my legs up and wide open""  - This ballad is for my friend Phoebe. She was 14 when she was 1st raped.",sexual_violence
ID_CICQL1EU,"Unbelievable.  But unlike my case, I wasn't a teacher any longer; I was an administrator.  Also, I actually wasn't fired.  I was laid off because of ""budget cuts"" and a patently less qualified white woman was given my job the following day.",economic_violence
ID_5L5AKMR5,"I nearly got fired for having a UTI. At an office where my entire job was to wait for a phone to ring that never did, and google stuff. That's all I had to do, but I had to go to the bathroom once an hour because I was in PAIN, and they threatened to fire me.",economic_violence
ID_498S7PMP,My husband makes fun of me listening to music and the movement of my head to the beats. Why the fuck did I ever marry him? Every night I cry myself to sleep. Every day is a horrible chore to face being stuck with him.,Physical_violence
ID_3DJ48D8H,The guy that raped and sexually assaulted me said that and then he was like oh I'm so sorry and I was just playing with you like Bruh you knew what you were doing,sexual_violence
ID_HI97EKTR,"""That's why he hates me. I humiliated his sister in public, and what he won't mention is that I humiliated him, too."" (Will on Gabriel)",emotional_violence
ID_0XL4GFEG,show me the legal document that says he raped a 15 year old child will all believe you except you can’t that’s why you’re getting defensive kinda like during trumps impeachment where he kept saying check the transcript and we all did and what do you know he did commit the crime,sexual_violence
ID_2YXTT1M4,"Selective abortion in India could lead to 6.8 million fewer girls being born by 2030.   800 women and girls undergo female genital mutilation every DAY.  I think feminism is still needed, but it should primarily focus on issues like this.",Harmful_Traditional_practice
ID_9Z8SHQWK,U remb that scene long ago when KUnal breaks down right after godhana break?? And cries to Abir that he too feels bad when he is humiliated in public?? That is what came to mind to me,emotional_violence
ID_X5DPSXP4,'I was snatched by a paedophile on my way to school aged ten - he tied me up and raped me repeatedly for four days'  ,sexual_violence
ID_6ZVWPBSK,"""Every Friday my husband beats me"" is an Armenian joke? I think it lost something in the translation.",Physical_violence
ID_TQC8RL0W,My ex husband beats me&amp; Rosy Meurer is sleepling with him   ,Physical_violence
ID_2NWRK64V,My husband consumes alcohol and beats me for no reason ...  🙏 Domestic violence 🙄  😜  ,Physical_violence
ID_ZL6J3OQR,That girl was raped on RCCG property. You cannot tell me they don’t know but in the middle of all that their response is ‘pray for our Pastor EA Adeboye’ no statement no acknowledgement nothing. It’s like they didn’t see it. It is wrong and he’s the Man in charge,sexual_violence
ID_HE231EEM,"Last night my friend told me that in the 70s her Dad took her out for a backwards meal. Dessert first, main course last. She still remembers what she ate. I’m going to do this with my kids before my husband gets wind of it and beats me to it.",Physical_violence
ID_QQHGQ694,"""My father wanted me to undergo female genital mutilation, but I refused.” - Sharleen (17)  Sharleen ran away from home and found support and safety at a nearby school. She is now an advocate for children’s rights and wants to  ",Harmful_Traditional_practice
ID_DTJM40YE,"You missed a lot of points but let me tell you this, an elected public office holder past or present can be insulted in a democratic society and if anything at all he should have been sued not detained for 80 days. You'all glorifying human right abuse.",emotional_violence
ID_YR9BJCD3,HAHAHAHAHAHAHHA I DIDN’T SEE IT THE FIRST TIME THAT’S WHAT HE WROTE ABOUT ME  I’M THE « DIABOLIC EX GIRLFRIEND » DUDE YOU ???? RAPED ME ?????? I’m laughing so hard rn  ,sexual_violence
ID_XC1APIC7,"He has more self respect than Hillary.  Don't get me wrong, I'm all for saving a marriage and trying to overcome mistakes but when he was so brutally humiliated in public, I can't blame the guy. I guess he doesn't have the political aspirations Hillary did when she stayed.",emotional_violence
ID_1XPSZMM0,I was once fired from a job because a coworker thought I was too mean. These police officers killed an innocent black woman in her sleep. This link has the easiest in browser email to send to demand accountability for these actions.  [ ,economic_violence
ID_FVL1PTZ5,I was fired for being a white woman and told so.  I've also had/gotten jobs strictly because I was female.  I've worked with males and females that have gotten jobs strictly because of either their sex or races........happens all the time.  Is it racist or sexist or just business,economic_violence
ID_1NBPMX1L,I should have felt safe on this flight.  Instead this made me afraid to fly and humiliated me in public.  What I did find out was that there is a new director for ACNJ and he is changing things.  My 80 yo mother was behind me and my 58 yo sister.  They were not searched.,emotional_violence
ID_VATYCHCC,"""My Husband Beats Me Up But I Want My Marriage To Work: I Still Love Him""    ",Physical_violence
ID_X8KZZXBR,"To explain, I tweeted on a thread of ""The Wright Stuff"" when the programme discussed ritual FGM &amp; circumcision. I said that FGM or curcumcision for other than medical reasons is child abuse IMO. This got me suspended. I was forced to delete a tweet.",Harmful_Traditional_practice
ID_TC4P4OXY,"I see some are feeling sorry for Bill Cosby.   As a victim of powerful men from the entertainment biz that raped and assaulted me, I am happy to see he and Weinstein rot in prison. In my mind it's like seeing all those who did it to me finally pay a price.  Good riddance.",sexual_violence
ID_702XQV8B,I got fired a week or two earlier than I was going to quite a summer job at a small fast food joint because my friends kept trying to hug me in the cash register area. The register was always closed and the woman thought a second warning was enough and was not having it. 🙃,economic_violence
ID_M5OLJG53,New rules to help end child marriage in Cameroon: “I was forced into marriage by my fath...  ,Harmful_Traditional_practice
ID_XRFHAER0,In 1978 I got fired for being pregnant. I was married but it was totally legal then. Women could not collect unemployment either because pregnancy made a woman unable to accept a new job. Things have changed.,economic_violence
ID_36PP8A5Q,"Dont get me wrong, they should be locked up by now, banned for life, fined &amp; humiliated in public.  I would have done worse if i was in Keans position but thats not the point.  He provoked still them &amp; Bonucci said, they are professionals &amp; should handle these situation better.",emotional_violence
ID_LHALOLWK,"""For me to travel on public transport I thought was OK. But I’ll make sure I won’t in future.""  - Eddie Jones reveals he was physically and verbally abused by Scotland fans      ",emotional_violence
ID_3GTFA788,"Oh yah. After he broke her heart, she came back to tell me she was raped.  Lmaoo",sexual_violence
ID_7MBNHZNK,"68 million more girls will undergo female genital mutilation, my friend and I need u voices 2 help us put a stop to this dangerous practice. Please help raise funds 2 endFGM. pls RT and share with all your networks  ",Harmful_Traditional_practice
ID_2ZICGRDZ,My husband beats me before sex – Houswewife tells court    ,Physical_violence
ID_KKFU9PDL,Everyone on this website: my dad once built me my own personal latrine and painted it with his own blood to show how much he loved me my dad: I repeatedly insulted you and yelled at you in public and was absent for most of your teenage years and you STILL won't buy me a watch,emotional_violence
ID_WFDYUYRG,"3.5y I nursed our son through milk allergy.Husband beats,abandons me,steals my son,WALKS FREE.Is this",Physical_violence
ID_XUR4VNIF,my dog beats my husband in cuteness plus she doesn't argue with me,Physical_violence
ID_7UN8MJJL,He’s a public figure and in any event already had a case of abuse pending against him. He’s also had a very public affair with Lorna Maseko which led to her divorce so please spare me the theatrics. This guy clearly doesn’t give a shit about his son being humiliated in future.,emotional_violence
ID_M2DDWMBQ,"I wish my husband buys me these just cause , plus he said he was .. these look so dope . I have the beats head set and also “the beast kinda wireless “ but this here is super DOPE . I wonder if they come in different colors ?.",Physical_violence
ID_ZTMPMHIZ,He RAPED ME!,sexual_violence
ID_2506ZP82,'They told me I wouldn't feel any pain': Teenager reveals how she was forced to undergo female genital mutilation...  ,Harmful_Traditional_practice
ID_3Q3X7MN1,Jacob Doner raped me in November of 2012 and he still has friends defending his character. He’s never gotten help. 9 years later and I still have to deal with it and he’s living his life care free.,sexual_violence
ID_78BEITV1,"“Actress Bose Oladimeji” – I am leaving my husband because he beats, rapes me after he is drunk -  ",Physical_violence
ID_RTOXZ12J, look at this fool try to blame me for his balls not dropping and him letting my husband molest his daughter. Just like a man who beats his daughter. Let some grown man come near one of my girls I'll show everyone my balls are bigger than his.  ,Physical_violence
ID_J8SA6FAN,I was fired from a job I created in a small business that I helped start by a woman I'd known since 6th grade because I am divorced (sin) don't go to church (sin) reported sexual harassment by male co-worker (pastor's son.) I hit the trifecta of internalized misogyny.,economic_violence
ID_YK06V6GS,Here is what I am talking about. he is smiling. and this was today. now tell me. this is normal. because it's not. a girl was raped and you smile about it. if he didn't know rape is a crime. ,sexual_violence
ID_TYP0Q2K2,"Sure, my husband thinks I’m his property and beats me at will, but at least I don’t have a nose ring",Physical_violence
ID_BMLKZP44,Our guest speaker is the same guy who raped my mom. You think he’ll give me his number??🥰😝😩  ,sexual_violence
ID_GYXNA56P,No I hadn't. But this doesn't surprise me. He probably just walked out there thinking he knows what to do and he needs to be in front because he's such an arrogant POS. I'm glad he gets fucking humiliated like this every time he goes out in public.,emotional_violence
ID_CWJLBRZ8,"You miss the point every time.  If I behave badly &amp; in public by bringing a twitter shitshow to someone, that reflects on me.  I'm too thick skinned to get upset by words - used to it. Talib's insulted daily - he can take it.  Doesn't excuse it and should not go unanswered.",emotional_violence
ID_GBAFTRYN,Nothing beats laying next to my husband with his arms wrapped around me.,Physical_violence
ID_0XXWQSXU,I am very happy for you two. Nothing beats when a couple can share their passions together and support each other like this. My current husband is the first one that really gives me the feeling that he deeply understands me.,Physical_violence
ID_B4V13K02,To clarify: A Field in England. The Shearsmith grin. It still haunts me. What happened? Was he raped? Was his mind smashed to pieces and then reassembled by an alien mind mechanic? Was he shown the truth at the centre of the universe? All this in the grin.,sexual_violence
ID_DX7MBFMB,I’m the word person. My science husband beats me all the time. And used to write poetry. Argh.,Physical_violence
ID_CGOZG4FC,Merry Christmas to you - it definitely beats a toilet seat !! (My husband thinks it’s an hilarious gift)?me - Not so much ! 😂,Physical_violence
ID_Q2U9J42E,📍⒞⒪⒮⒯⒜ ⒭⒤⒞⒜ 🇨🇷 i like to pretend my husband looks at me the way i look at beer.  👁👁 happy thursday.  another costa rica photo for your feed.  smooth beats miami by finbackbrewery.  an american ipa with notes of fruit…  ,Physical_violence
ID_U46OGMGM,He watched me get raped 😭✌,sexual_violence
ID_4CPEL020,"Women must undergo female genital mutilation to curb male 'sexual weakness', Egyptian MP says    I am speechless",Harmful_Traditional_practice
ID_OCIS7BL3,My Wife Beats Me Up Any Time I Complain Of Her Infidelity - 71-Year-Old Husband...  ,Physical_violence
ID_7I4LJDHB,"My husband beats, strips me naked, woman tells court  ",Physical_violence
ID_UKEMRTNZ,I was incredibly moved by the story of F.A. Cole who at the age of 11 was forced into female genital mutilation &amp; the lifetime of pain that comes with it. This barbaric act must end &amp; I support the fight to make this unnecessary torture illegal in Pa.  ,Harmful_Traditional_practice
ID_YA1RH8D8,"I was sad, because someone insulted me. He said in public that i'm not pretty because my teeth big.",emotional_violence
ID_4J3ZZ8YF,I was fired from my job today for telling a woman that her hair smelled great.   They’re just discriminating against me because I’m a midget.,economic_violence
ID_8E2QYG3O,I like the way youvw shifted the goal posts from child marriage to shooting up abortion clinics. I haven't even got into terrorism. I was illustrating the mass kidnap of women and forced marriage. Hence boko haram and ISIS,Harmful_Traditional_practice
ID_9PDUER0T,"My Jobless Husband Sleeps At Home, Beats Me For Not Providing Food, Wife Tells Court    ",Physical_violence
ID_Z40OJCK1,"He shd nt only be suspended but also humiliated for his behaviour with the somber humble hindu family! Can this Public Servant dare to do this in a nikah or ID? He will not dare this &amp; Trust me we would have seen a video, him running for his life!! Shameful! Bloody DM as he said!",emotional_violence
ID_MOKNMWXS,The best picture I was made just to justify forced child marriage to old,Harmful_Traditional_practice
ID_47XCHIN0,"Do not ask me to think about the fate of sexual abusers Idgaf who they are. Eldridge Cleaver did amazing things as a Black Panther, he also raped and beat Black Women while fighting for liberation for Black Men. He died a disgrace.",sexual_violence
ID_AG3R5H4P,"Is it worth trying, when I’ll probably just get told I’m crazy and/or should be raped again? I don’t know. I shouldn’t do nothing, it’s irresponsible. I need to stand up for the kids he could hurt. But he already knows where I live. What he if comes to hurt me? Or worse, Harley?",sexual_violence
ID_VX91LRBB,im a 45 year old malaysian mother of 2 my husband beats me,Physical_violence
ID_JEOB0GLU,He begged me to move from BC to ON. Cheated on me the whole 3 yrs we lived together. Often humiliated me in public. He broke up with me. Then I had to still live with him for a month. Moved back to BC. He wouldnt leave me alone for yeaaaaars. Good riddance.,emotional_violence
ID_SFRSS5CP," A Gangtok citizen writes  This truck in the photo damaged the railing at New Market today morning, when I enquired the driver he abused me verbally.  I request the concerned authorities to kindly take action as he has damaged the public property.",emotional_violence
ID_VCY8NG5N,my father just said that this 17 year girl who was raped was “looking for being raped” by these mfs and now he’s yelling at me,sexual_violence
ID_F8XSE55D,"Nope, he got banned for a falling out over real estate.  Look in my closet - I have not raped a kid, a wife, paid a porn star for sex during my wife's pregnancy or pay two prostitutes to urinate on me in Russia.",sexual_violence
ID_3JSIURXJ,Example: Her: my husband beats me. Emotionally attached man: well what did you do to warrant the beating?,Physical_violence
ID_PUA5KYLR,"CHALLENGES MANDOLA FACING DUE TO CHILD MARRIAGE. Am mandola Alice, 25 yrs old from mongo Zambia. I was forced into an early relationship at the age of 12 yrs old because my mother didn't have money to support us after our dad had passed on. So the dowery.... 🌷Love 'n' Kindness🌷  ",Harmful_Traditional_practice
ID_C372I4PJ,"A female told me a dude got her drunk and forced sex upon her, and she felt bad about it and he was angry that she stopped him from having sex with her. But she said it wasn’t sexual assault and he continued to beg to keep going. But yet she continues to befriend him.",sexual_violence
ID_LMCZP92C,"—insulted me, women don't speak in public, not even the wife of a Khal but he allowed it. It wasn't easy at the start, different cultural, the language. Losing my unborn child was a price that I paid.""  One day, one day she would seat with Jon—",emotional_violence
ID_IK7QG1OT,"You know... I'm only 3 episodes in, and I already don't like him THAT much... 1. He basically raped people (1st episode) 2. Oh and not only that but did I mention he has the same first name as me... 3. Treatment of everyone else",sexual_violence
ID_FLNNBO0L,"I snapped on a table at my old job because they were treating me like garbage, and told the woman I’d shove the wine bottle up her ass and smash the remains over her head. I got fired &amp; apparently the next time that bitch came back she was nice &amp; was scared I was there :)",economic_violence
ID_HO1KK6HG,"He reminds me of Trump , Brett Kavanugh and several other Republicans.  They both raped women.  So disturbing and sad  ",sexual_violence
ID_X6SHU87G,"How dare that bastard include me in the growth of gang culture. He, Andrew Little, Iain Lees-Galloway and Phil Twyford are the most dreadful of ignorant Ministers of the Crown that has ever insulted the the paying public of NZ . disgusting!!",emotional_violence
ID_MUPS4RHQ,"kept trolling, said my husband beats me bc he loves me",Physical_violence
ID_ZMRI0AO3,I Was Fired from My Job Because I Voted for Obama – Woman Says: An Ohio woman has filed a…  ,economic_violence
ID_20CRASMQ,None because my husband always beats me to it.,Physical_violence
ID_U1LJZPBL,"Lol, I remember fucking with one of my teachers realtor .com page by leaving a comment that said something like black pepe as bitch tried selling me a house but I didn't get in trouble because some kids left comments basically saying he raped them when they declined buying houses",sexual_violence
ID_BXJXIE9A,"No surprise, but he's refusing to discuss politics, instead just called me dumb for having legitimate concerns that if 45 raped me, no one would care. My mom is ready to kick him out of the house, saying, ""Your daughter was sexually assaulted, and this is how you respond to her?""",sexual_violence
ID_8NTK529J,"Fuck this world.  I hate it.  My husband beats me.  Any excuse to get out, I'm gone.",Physical_violence
ID_6A0QTG4U,This debate reminds me of an episode of Nip/Tuck where Bloomberg is the powerful dude who can only get off if he’s humiliated. In an incredibly public forum.,emotional_violence
ID_D3H8BLYY,"Chaos, what was that? Angel, that happens the girl we saw back then Andres told her so you got raped by your dad and why is your brother here? Daemon, he said he can protect me, Divine, so we tested the theory he failed so the boy started to get to Andres, found out how to get to",sexual_violence
ID_N1ECAGJF,"I have a really bad habit of compressing/forgetting a bunch of old memories. I can't believe I forgot I was fired from a job in 2017, because of someone lying on me. And when I tried to speak up, I was labelled an angry Black woman.",economic_violence
ID_V1MBGUQZ,"My wife beats me at will, husband tells court ",Physical_violence
ID_1KORAFCV,"  I was ""Hired and Fired Durning W2 Paper work filling out Because I'm A Felony"". My Woman Work at Blue Cross Blue Shield  I Lost Her Because I Couldn't Get A Job.",economic_violence
ID_3FMAEJMI,"When I was 16 I was raped. I withdrew consent and he forced me till he finished. He walked me to the bus stop and on the way he asked me ""you don't think I raped you back there?"" I didn't even know he had raped me till he said that.",sexual_violence
ID_UAK9YMBW,"As a woman who has been harassed at work and had to quit her job because I spoke out.... UNFOLLOWed.  I stood up for myself and though they fired the manager who threatened me, I was treated like crap because of it.  He did the same and then some... nope no free pass for him.",economic_violence
ID_E9ZSG4XY,I was fired from my job one month ago because I told my boss was talking about me sexually to another employee I am the only woman that works in my store now I am without a job before this I never had anything on my file they just get rid of me🤷🏾‍♀️,economic_violence
ID_PIQ2QV29,"i think 3 people in bennington knows im a sl*t now, because a guy told me to be more naughty in public, i cant tell if hes one of those bullies that hates me or really likes me, and i cant tell if he even knew he humiliated me or if he meant to",emotional_violence
ID_TPVU0FJI,"My Husband Beats Me And Says It’s My Fault - Own some part of the problem. When you feel criticized, take a few minutes to acknowledge your part of the problem, however small. If ""he doesn't do his share,""  ",Physical_violence
ID_9DF9GNIS,He acts like an angel in public but he actually abused me verbally and emotionally.,emotional_violence
ID_ICZA3SJS,Let me explain it to you so you can’t fake ignorance anymore. Here he is admitting to knowing his friend raped children. One of the survivors shared he saw them together when they were around 11 and the pedophile an adult.,sexual_violence
ID_O4BU26TG,So she got fired 4 havn gentle sex? ‘My boss fired me because I refused to have rough sex with him’ – Toy store worker  ,economic_violence
ID_Z2UZ6WZQ,"CASE IN POINT CORY GODBEY, WITHIN THE SPAN OF MONTHS HE'S INSULTED ME WITH GIFS AND THREATENED TO FIGHT ME IN PUBLIC",emotional_violence
ID_9U2AIWO6,It's true. He won. He humiliated me by making me say that in public. The thing that I don't get is...,emotional_violence
ID_OQ581JIA,My husband bought me some beats but I feel like I’ll look daft with a hijab and beats lol,Physical_violence
ID_PPRE7CR3,"Waiting for my husband to come home.... 😴 Glad for friends and family this week helping me entertain Robyn, but nothing beats Daddo 😘",Physical_violence
ID_0CY1QTWS,"Hi twitter, so this guy right here just said he wants me to get raped so he can trend an hashtag. In case anything happens to me, we know who did it.    ",sexual_violence
ID_HHZRXZZA,I had a beard when beards weren't employable. I was actually fired from a part time job at the local Lazarus because a woman complained to the management that it appeared that  Santa had a real beard under his beard. Terrible Christmas.,economic_violence
ID_OTJ3XQHE,"At least you are beating him! My husband always beats me because my heart rate is so low (and spending time with me gets his blood pressure up, I guess)",Physical_violence
ID_BKIDANGP,"Oh, yes  ""I have a peaceful marriage. My husband only beats me when I don't cook his favorite meal""",Physical_violence
ID_XRW64JXD,my husband got it for me! It sure beats the waffle iron I got last year that I never asked for and only used once.,Physical_violence
ID_77T1TFBK,"Other than John McCain, which he personally didn't like. Show me where insulted the military in public, simp.",emotional_violence
ID_4P39GKZQ,"""Along with my cousin, I was taken to this ridiculously dark room. The next thing I remember is a bunch of women who forced us down to the ground. And then a blinding pain. No warning. No anaesthesia.” Female genital mutilation in India   via",Harmful_Traditional_practice
ID_C0AF5UVT,I swear I’m like the only person to get for doing my job correctly 🤔 still have my job but damn woman really you mad because I was right!?!,economic_violence
ID_K05SFC26,"Not sure if it counts but I was once personally insulted in public by non other than the infamous NC Senator Jesse Helms. It was unprovoked, it was like he disliked me at first sight.",emotional_violence
ID_9RIOV5QG,love the way I have just verbally abused by your driver on the 13:50 Manchester to Liverpool Service. Do you not train your drivers in customer service? All I did was ask if I was boarding the correct coach and then he shouts/abuses me in public is that service?,emotional_violence
ID_PN7W49NF,"Right, he was with all the other minor girls...and she’s a witness. (And what’s “crazy” about “he held me down and raped me, biting my lip so I wouldn’t cry out.” ? Apropos to Bill’s many other rape victims, how long was it before Cosby and Weinstein’s victims spoke out?)",sexual_violence
ID_47ACP3NC,"Ppl that never talked to me ever or asked about me all of a sudden  want to know each and everything about my married life in specific....""oh ya aunty my husband beats me up and doesn't talk to me"" does that satisfy you?",Physical_violence
ID_YDWJGU5M,The first time it was because another girl who reported him was chased out of the school. The 2nd time it was because I watched a woman get fired. The 3rd time was because I was the only black woman on the job and I feared for my job and my career.,economic_violence
ID_SQI8QPF1,A very common story | ‘My husband beats me up before sex’ - The Nation Nigeria  ,Physical_violence
ID_C1DXS9KM,"Interesting.He came across to me as hurt, upset and angry - and lacking media training - at not being found to have done anything wrong but being tried in public, Silenced during this and publicly humiliated over ‘moral lines’. Whatever happened it ought to have been done better.",emotional_violence
ID_8MOXYMBD,The fact that Nip was shot at least 10 times by someone he thought he was cool w will never sit right w me. That man died a slow painful death for what? I hope Eric Holder gets his ass whooped and raped on a daily in jail.,sexual_violence
ID_A5U68SMR,"Guys, I'm feeling really down today. My husband is in a lot of pain, and is also fighting depression about how becoming disabled on the job, has ruined our lives. He beats himself up every day, it kills me to watch/listen.  I am going to spend xtra time with him today. Be safe.  ",Physical_violence
ID_SF0TK4EW,"“I’m mad that she insulted me in public, but I’m not mad enough to be about it.” He glared at her. “Are you? I’m not convinced.” The hunter stopped twirling her throwing knife between her fingers. “I don’t know what you’re talking about.”",emotional_violence
ID_SPFUJI5H,My name is maisa. I lived in syria until Civil War struck out and we where forced to seek refuge in Lebanon. I dreamed of going to school when I was younger. When I turned 15 my plans where changed. I was sold into a child marriage. I hope that one day I can return to school.,Harmful_Traditional_practice
ID_RWRNG7YJ,(He has ME) Disabled man ‘humiliated’ after he was forced to wet himself in public at airport after four hours ‘begging’ staff for help to go toilet  ,emotional_violence
ID_OX3W4C4W,"That reminds me, I never heard your dad refute the damaging evidence he raped a 13 year old girl.  What’s he hiding🤔",sexual_violence
ID_HL68E0VN,Mr&amp;Mrs. Monestime 2lovers+2gether+4ever+2make=10derlove I love my husband with everything that beats &amp; bleeds in me,Physical_violence
ID_DEKHYAF2,"I would also like to say that Donald has not raped me, so clearly he is not a rapist.  ---Melania  ",sexual_violence
ID_QUPEC06U,please pick me! I would love to gift my husband some beats! He is a musician I would BEE the APPLE of his eye ,Physical_violence
ID_XHR9WX98,"New rules to help end child marriage in Cameroon: MAROUA/YAOUNDE, Cameroon – “I was forced into marriage by my…  ",Harmful_Traditional_practice
ID_MBRLTOVN,"my neighbor is a character and he said that isis terrorists deserve to be ""spanked on their buttocks""",sexual_violence
ID_NHKBWMUQ,(RT) Lolol he hada remind me the time we had sex I was drunk and I forced him too and he didn't want too cuz he ...  ,sexual_violence
ID_HB7GQJI4,"At my first job in tech, I shared my wages with a close woman coworker. I thought that it doesn't hurt to share wages because it could potentially benefit someone!  The next day I was called into the CEO's office who told me I shouldn't have done that &amp; almost fired me. (1/2)  ",economic_violence
ID_HZ375HH4,// cmc  my cousin just said he wants me to get raped and groomed just cause i said that cmc was a bad person when he was defending carson. 🤨hate that mf,sexual_violence
ID_E47YK80U,"when I was sexually assaulted by someone who lived across from my dorm room, I told a friend &amp; she dismissed my feelings &amp; told me that men don’t like to “just give head” without fucking so I should’ve known he’d want sex.  It took me 3 yrs to realize I was raped.",sexual_violence
ID_K5VUMJKI,Works for me. Only people he killed were a wife beating a-hole and a pedo who raped five little boys:  ,sexual_violence
ID_M7DQXY7U,"Just a reminder, insulted at one of the debates. He was disrespectful of a sitting Senator, a woman, in public in front of millions of people. For me, that is all I need to know about this guy. I want a president who respects women - no excuses.",emotional_violence
ID_ZMF5HKWE,corpse choir... the screaming.. the memories.. they sound so good.. they perhaps.. sing .. godly.. their beats.. their range.. I wanna collab with corpse choir.. oh dear corpse choir please... please let me collab.. I will do anything .. oh corpse choir my beloved..,Physical_violence
ID_ED9KNBRF,I'm more concerned about the decree that all women 11-40 need to now undergo female genital mutilation in Iraq. Shocking,Harmful_Traditional_practice
ID_4RREE4W9,"This angers me to no end! It’s blatant and ugly and outrageous. He literally had joy ripped from him in a very public and disgusting manner. Clearly it went WAY over your head. He walked away dejected, hurt and humiliated! That was in NO WAY a win for him! Screw Maloney!",emotional_violence
ID_NRANRYZ8,"If my older brother beats me, I will be civil enough to treat him like one of my really distant cousins in Babadjou precisely in Toumaka .  What more of a nigga m not bound to or husband.  Fear!!  Stop domestic violence.",Physical_violence
ID_BG781558,"I need to have one of those lucky, Lifetime movie-style breaks Like my husband beats me but after he's sent to jail a millionaire falls 4 me",Physical_violence
ID_Z0RKF5VI,"I heard he raped my aunt in Tallahassee too just for me to work out at the fitness center more often and beat him up for hitting my family with a frat boy fence like with Rigo and Becerra with the FIU police and the Chinese National.  Boy, women look too good to eat",sexual_violence
ID_2GGJBBJU,"me:Izuku is such a shy baby, uwu  the intellectual in me: Izuku is such a shy baby cause he's secretly super kinky and has some wild fantasies. he gets so embarrassed thinking about choking on strangers cocks, being used as a public toilet, being humiliated in public, etc. uwu",emotional_violence
ID_D900U9ZF,'I was forced to marry a stranger' working to end child marriage in   via,Harmful_Traditional_practice
ID_8BNO92RI,"My husband beats me b/c of the non-existent Israeli ""Occupation."" Arabs have NO agency or responsibility according2 West's colonial attitude  ",Physical_violence
ID_GF769592,I know if my bf humiliated me in public he would not hear the end of it,emotional_violence
ID_IOCS43BC,"If a celebrity dehumanized and insulted me on a GLOBAL platform I’d expect a very public apology before I’d even consider a meeting in which he tries to save face. It’s HER decision not his.  More importantly, why are you speaking for him when he’s RIGHT HERE? Hi Matthew. 🙏🏼👍🏽✌🏻",emotional_violence
ID_QPZMSODG,Bro they literally said I was perfect for the job yet hired a woman who was fired from her last job for stealing just because she had experience and the only experience I had was volunteer work... With children I literally worked with kids for free for several years,economic_violence
ID_97KW8N93,"He means he's filed a dress plea against me. That suit TV host me, and she humiliated me in public.  ",emotional_violence
ID_TSA189W2,"I don’t know who needs to hear this, but just bc a man didn’t assault you, doesn’t mean he didn’t assault someone else.   3 of the 4 men who gang raped me are married with children. I’m sure those relationships didn’t start with rape.",sexual_violence
ID_CHLYERHP,"Fvck this! He humiliated me in public. Fvck this bus conductor, what do you think of me, i can't afford to pay...  ",emotional_violence
ID_V3PZ1CFS,girl me either he humiliated and embarrassed her in the public,emotional_violence
ID_DYN2GHDA,"500,000 more girls risk being forced into child marriage in 2020 due to Patience, 17, from was married at the age of 12. She said ""If I was given the power to make a change, I would tell all the girls not to be married. All girls would be in school.""  ",Harmful_Traditional_practice
ID_AI3FBOVJ,"That woman made my life a living hell, refused to help me when I was practically paralyzed from working at that job, fired me because she didn’t want to pay for my workmans comp, and when my sexual abused showed up at my place of work, and I was having a panic attack behind the..",economic_violence
ID_H2E70AO0,Nothing beats my mom letting me wear something extra for a husband hunt 😂😂😂😂  ,Physical_violence
ID_IALAX9BT,"Same with - I communicated with him privately on his board and he responded with an insult, then later insulted me in public.",emotional_violence
ID_OAPXTPKS,"I could never kill my husband, unless he beats me. Then it's every man for themselves",Physical_violence
ID_7Z37VJEI,"My dad is fighting for custody of me. They don't think I know, but my step-brother told me about it. Everyday I hate him for it. Just because my cousin got raped from her Uncle (He wasn't part of my family though) doesn't mean that every guy has that intention. My step-dad has-",sexual_violence
ID_15J8CTFH,"I jokingly asked a patient about his wife being a good cook and whether he consumes a lot of fatty foods, he said ""nothing beats my wife's cooking!"" glassy eyes &amp; smiling like he's married to an angel, she wasn't even there... FUTURE HUSBAND BETTER LOVE ME LIKE THAT OK.  ",Physical_violence
ID_MADF81W0,"""I dont care if my husband beats me, as long as he has money"" - my wise sister",Physical_violence
ID_AH2Y7D59,"Also, fgm, poligamy, forced marriages are very common. Happened to my mum actually. And now my cousins. Mybdad has 2 wives but he lives in Congo. I got lucky my mom left when I was still young. Fgm is not allowed where I live now",Harmful_Traditional_practice
ID_Y92TC1EV,"humiliated me, and I know in his mind it felt justified and I'm sure to this day he still sees nothing wrong with his actions but accusing a victim of abuse of lying like he did, in such a public and degradating manner...its hard to bounce back from. your teenage years-",emotional_violence
ID_GIIYA0LV,"""A got a job, and then two weeks later, I said on Twitter that I was glad someone had beaten a woman up because she probably did something to deseve it and those women have it coming, and now I've been fired for having an opinion, this is discrimination, I'm a feminist. 😭😭😭""",economic_violence
ID_CUBN3JDH,"""I don't want to undergo female genital mutilation so that I may accomplish my dream,"" Join Teresia of and millions of voices to Support and to  📸 by Luca Zordan for  ",Harmful_Traditional_practice
ID_HFN4D1Y5,"""I Will Kill My Husband If He Beats Me""- Ese Eriata    ",Physical_violence
ID_QK8ZPCY4,Dear   I was going to remind you sir that this is not about you or your ego. But I'm wrong. It is about you because every woman in the country will make sure you are fired from your job as senator as soon as we possibly can. ,economic_violence
ID_8KC7O75D,"It's a spiritual and psychological problem for a woman to say ""when my husband beats me it shows that he loves me"" ~",Physical_violence
ID_9GMSQEKT,He’s not the most polite. Insulted me in this first tweet to me &amp; has blocked me because I posted an article quoting “lawmakers...” and he can only find 1 on public record so I gave him another from the NYT and he blocked. I’d give up if I were you. He’s not interested in facts,emotional_violence
ID_896DRZJX,"Let him be He thinks he's insulting me but he doesn't know he's showing his ignorance to the public.. I just pass a comment so what was the need for him to insult me?... Do I even insulted their King?.. So if he sees wrong in my comment, fine let him insult me.",emotional_violence
ID_SLJ86QAW,Sentense: + Throne Ran In My Foot Mere Per Me Kanta Laga. + He Has Humiliated Me In the Public Is Ne Mje Sar e Aam BeIzaT Keya He,emotional_violence
ID_T77C36GP,"your husband album dope I love all the beats. I'm only on number 3 and so far my favorite song  Ye I might not agree with all the shit you been talking especially since I'm from the hometown, but you got me talking about this album 👍🏾 💃🏽🔊",Physical_violence
ID_174IDOSR,I literally got fired from a job I just got because I was asking too many questions. HOW DID I ASK TOO MANY QUESTION WOMAN IT WAS MY 2ND DAY,economic_violence
ID_HCLLU9AH,"Or the ones forced to undergo female genital mutilation. Honey, I am a woman, a wife, a mother and I sure speak my mind..",Harmful_Traditional_practice
ID_9TWNL0M2,"My daughters husband told her to tell me to go home back to verobeach, he beats her like a dog and then buys expensive things for after",Physical_violence
ID_8ST2NLO0,"I honestly would vothela my husband if he beats me. My brother and my cousins would give him a visit shame, ba mo moeskonte gore",Physical_violence
ID_FLZ1B9C1,"Actually it's just the beginning of the argument because everywhere the white man's gone he's caused Madness, Mayhem &amp; Upheaval. Tell me one place white's have gone &amp; they haven't Raped, Murdered, Pillaged &amp; Enslaved Or Destabilized A Foreign Govt For His Personal Gain...etc!",sexual_violence
ID_0YQC0S4J,seems to me that he probably humiliated her in public &amp; solange waited until behind closed doors,emotional_violence
ID_2XJU6L6T,"When you show them too much comfort, they start misbehaving. Don't put them in your master bedroom when there's a visitors room.... Hence, ""He Raped me"" Some girls no too get sense.",sexual_violence
ID_Q2WENY0A,"It is very sad for me to know any woman was raped. Now there was 1 time as a cop I put a man straight. He said what was she wearing. It hit me wrong, &amp; said if you walk down the street naked I doubt 1 woman will rape you, but I can't promise a man won't.  I know I was bad.",sexual_violence
ID_LZDFA9KI,"Because most of these judges need to be fired.  I was told in a restraining order case ""A MAN shouldn't loose his job because a woman has a nervous nature &amp; takes offense easily.""    He dropped the restraining order even though the guy brought proof to back MY case up.",economic_violence
ID_6QTUGCMV,"This is all public information. He’s a pedophile( lots of court papers all open to the public, he raped his wife.. bankrupted 9 companies. Check public records you don’t have to believe me.",sexual_violence
ID_LQZMD3L2,"1st he insulted Ramdevji /Mahadev in public n when i oppose he blocked me , good",emotional_violence
ID_KOI4R48S,wait so his friend raped someone so he’s getting cancelled? make this make sense and if i’ve got it wrong let me know,sexual_violence
ID_AZF9YDEE,"""...telling me that I was welcome back  over before he moved to atlanta. I never told him that I felt raped I just kept deflecting because I didn’t want to speak to him. I told two of my friends the next day that I think I was raped the night previously and...""",sexual_violence
ID_ZGK78FJX,"Ya, when someone humiliated me in public, unfortunately for me he was twice my size😂",emotional_violence
ID_U460TTM1,You have no idea how inspiring you are. I was raped 9 years ago and people have constantly told me not to make his name public because 'he might sue me'. I'm so fucking tired,sexual_violence
ID_CJG56HPW,My karma is going to be the rawest of the raw. Im going to get a husband who beats me and cheats on me. I'm such a horrible person,Physical_violence
ID_QFV6VLXL,"Also, the woman got me fired because she thought I was being a smartass when honestly I wasn't and she just decided to get her friends to post on my jobs website and get me fired because I ""was rude to my female guests and coworkers and also chanted favoritism around the store.""",economic_violence
ID_N8UDTSVB,I told Taylor his candle smelled like ass and he told me to shut my god damn mouth very loud in public. I think I was just verbally abused,emotional_violence
ID_SKEAG6MT,"New rules to help end child marriage in Cameroon: MAROUA/YAOUNDE, Cameroon – “I was forced into marriage … . Child…  ",Harmful_Traditional_practice
ID_HCPQF2LN,These are the words a child who had been forced to undergo FGM at an early age. “My father died when I was 12 ye...  ,Harmful_Traditional_practice
ID_U15995AI,"Abu Alqama reported: A woman went out to pray during the time of the Prophet [s.a.w]and she was met by a man who attacked her and raped her. She said, “This man has molested me!”   The Messenger of Allah [s.a.w] said  ""He is condemned to death"". [Sunan al-Tirmidhī 1454]",sexual_violence
ID_Y786I3YL,"Dear Helena, this is Shagufa, originally from Afghanistan. I was forced in child marriage when I was 16 and escaped to United States on 2015. this is my campaign:    my story in details :   I will be grateful if you can share my story",Harmful_Traditional_practice
ID_D5VS87ZL,"OMG, all holy hell breaks loose when he or one of his minions is insulted publicly. Talk about thin skinned - wah, I can't eat in public because people chant at me (because I am a hideous monster).",emotional_violence
ID_55Q9187B,"Okay bro, now as you started it let me give my 2 cent on this. Siddhu is a public figure and he publically insulted Chowkidaars and Pakodawalas by throwing insulting jibes and we have every right to criticize him and reply him in the language he understands",emotional_violence
ID_GAE712KB,trump is allegedly mad at Melania about how she’s decorated mar-a-lago and that kinda worries me because remember when he raped Ivana because he didn’t like the plastic surgeon she recommended? like Melania is awful but no one deserves to get raped,sexual_violence
ID_OP9E130U,Me too! I raped the play button! 😍😂😂 he's really so cute and cool! I'm gonna make more gifs of him and post it here on twitter😊,sexual_violence
ID_VC854MQJ,well everyone. Its time to die. Mark rein insulted me in public and is the reason for my suicide this evening. He chose the code,emotional_violence
ID_Z0S8N74H,"It is racist / Islamophobic to criticize anything about Islam I was suspended for 7 days for criticizing FGM, so called Honor killing, Child/Forced Marriage and killing Gays. Twitter is very Politically Correct.",Harmful_Traditional_practice
ID_ZA7WZ2ZK,My Husband Beats Me Up And Doesn’t Provide Anymore – Wife Tells Court    ,Physical_violence
ID_HDL1ZCTC,My boyfriend always talks about our first time after we have sex because I keep saying he raped me.  He really didn’t though.,sexual_violence
ID_5U6A29TT,"""instead of addressing the unfair challenges people of color face""   Having had a black woman + white collaborator get me fired from a job because I was ""advancing too fast"" I have zero pity for or patience with a",economic_violence
ID_J9R86PJI,   'My Husband Beats Me' - Housewife Runs To Court For Help &gt;&gt;&gt;...  ,Physical_violence
ID_78J0C9XC,"My husband beats me at will, please separate us.   via",Physical_violence
ID_6ARBGBLI,"""I do not want to hear that I have a 'humor deficit' or can’t take a joke. I did not over-react. I took a job and, because I did not want to be harassed, I was fired.""  Preach, woman!   ",economic_violence
ID_B3XD4RKR,"Das einen die ""wir ein Tier hat er mich vergewaltigt""-Truppe gewissermaßen frisst... The one that ""we an animal, he raped me"" troop eats, so to speak ...",sexual_violence
ID_Q3K7QOZN,"The gal who sent her home was very kind and gentle and assured the woman she would not be fired. Hourly or not, her employment was safe. I really felt for her, because I've BEEN her. I've been sick and afraid for my job in a place where I was later laid off. 2/3",economic_violence
ID_GIOUAODQ,I murdered my boy Scout leader who raped me. He was also a Lt. in the local Sheriff's department.  I was a completely broken person. Now I try to bring light to others so they do not follow my path.,sexual_violence
ID_HF9SXHQQ,"that k*nye shit really annoyed me all over again god damn... he really publicly humiliated a 17-year-old to the point of scarring her self image for life, played the victim and continued to encourage people to villainize her all through her years of growing up in the public eye",emotional_violence
ID_0WKJ322D,I was helping an woman find a shelter because she was diagnosed with cancer and lost her job. Her dad took time off work to take care of her and unfortunately got fired for missing x days of work. Now they live in their car.... I’m having trouble coping  ,economic_violence
ID_JQE07V7F,"Mercy Aigbe: &amp;quot;My husband, Lanry Gentry Beats Me Constantly, I Still Cough Blood, He Cheated&amp;quot; :  ",Physical_violence
ID_MO4CYI88,"‘My Husband Is Dubious, Drinks And Beats Me Up’, Nollywood Actress In Divorce Mess Reveals: There was a drama ...  ",Physical_violence
ID_FLOE5LEB,"‘My Husband Is Dubious, Drinks And Beats Me Up’, Nollywood Actress In Divorce Mess Reveals: There ...  ",Physical_violence
ID_5A5CIU2Z,Nobody: Nobody at all: . . .  Me watching euphoria: WOW HOW ARE YOU GONNA CHEAT ON YOUR BOYFRIEND AFTER HE JUST GOT RAPED HOE 😩😩😩😩,sexual_violence
ID_1G7NDE7N,"Thank you 🔥, dont get me wrong am not saying he did it , but wat if he ddnt 💔, i get that women are being raped everyday but how many men are wrongly accused😕",sexual_violence
ID_3FBIG9EC,"I just want to put the past behind me, but I had to send a message to last week and ask him to delete those 3 tweets I liked back in 2011, but instead he deleted it, he replied to and humiliated me once more in public. Shame on you Giovanni!",emotional_violence
ID_GCDND1V0,Isaiah: He did explain to her what happened I was there. Me: If you would just listen to me for a few minutes. Jelani: Okay okay. Me: He went to the girls funeral and he apologized to the girl he raped.,sexual_violence
ID_GSMR5Z6W,"Good morning. I was just reading up on Cariol Horne, a black woman who served as a police officer for 19 years up until November 2006. I know I know, fuck 12. But hear me out real quick. After 19 years on the force, Cariol was fired from her job because....",economic_violence
ID_4S5SMSC3,"Damon abused and raped caroline, turned Bonnie’s mum, killed a pregnant woman, almost killed jeremy, he was evil and toxic .how they managed to make us look past his disgusting behavior is beyond me",sexual_violence
ID_0IO2QKIL,"Ummmm excuse me ....but are we also forgetting that NOT ONE has come forward to claim he raped her? Meanwhile, what happened to the 13 yr old that was going to go public but all of a sudden disappeared along with over 20 other women That accused ?",sexual_violence
ID_A0IO7FFA,"My Husband Is Irresponsible, Beats Me And My Parents – Woman Tells Court    ",Physical_violence
ID_QI9L1XCH,"I also believe any woman who says she was raped by this Pres...was paid by these people. And yes he is on tape saying something shitty in the 80's (when he was single &amp; rich)  before ""Me too""...this was a general conversation w/ men...just the way it was &amp; still is among us.",sexual_violence
ID_D5STQ6QK,My Husband Beats and Starves Me All the Time - Divorce Seeking Wife Tells Court....Click to read more    ,Physical_violence
ID_RHEFHXEM,"Me when a Caustic is on my team: ""God I love Caustic and his players. He's so useful and most of his players know what they're doing""  Me against a Caustic: ""Fuck this guy dude, I fucking hate Caustic. I can't see shit and I'm being anal raped by gas. Fuck this shit""",sexual_violence
ID_IZSYW9BJ,"Yeah, me too.  I think he's preemtively blocked anyone who may have pushed back against him in any way. I've never insulted him &amp; have never been rude. What a strange thing for a 'public intellectual' to do. He obviously doesn't engage unless you blindly accept his views. Weird.",emotional_violence
ID_V2MIZ97I,"The ""feminists"" I work with are too busy screaming at mother-in-law jokes to care about or forced marriage.",Harmful_Traditional_practice
ID_A6D0VTY4,"I was first introduced to female genital mutilation my freshman year during a forced poli sci class. I'm appalled to learn, 14 years later, we still haven't figured this out here in the U.S.",Harmful_Traditional_practice
ID_UCLGUEOG,"Let's JAHA DUKUREH says: ""I underwent FGM as a baby and forced into child marriage at age 15. I realized that my marriage could not be consummated till I was deinfibulated. FGM and child marriage show that women and girls do not control their bodies, choices and lives.""  ",Harmful_Traditional_practice
ID_V36IUQ4N,In bed listening to This Thing Called Life by my husband on the beats he gave me 😘😘😘,Physical_violence
ID_F6MCYAPM,"Was in public restroom and my dad farted so loud that the guy in the stall next to us though he insulted him and said ""what'd you say to me?",emotional_violence
ID_1A2TWDYP,It’s that sick twisted need to swim in victim porn for me.  Like victims have been humiliated in private and the need to see their humiliation in public just so they can be believed.  The victims get victimized all over again but he goes on with his life because he saw the proof,emotional_violence
ID_7Q4D2DJ2,"whenever someone says something mean like that to me in public, I stop and think, ""what were they thinking that lead up to this,"" and usually leads me to the conclusion that the person who insulted me must be really defensive and sad  he needs to end your lease in his head",emotional_violence
ID_I2IQ6R2N,"When has he ever openly condemned Child Marriage, Forced Marriage, or FGM ???  Silence. He sends billions of out tax dollars world wide while he tells our veterans there is o money for them. I was not impressed with his performance in India or the cost of his costume changes.",Harmful_Traditional_practice
ID_NQM38WJ4,"My husband brings different women home, beats me up if I complain – Wife tells Court    ",Physical_violence
ID_KBSO26LM,Any female I’ve ever slept with knows my safeword. I don’t play about that rape shit cause my cousin is a victim. Plus majority of females are shady and are so quick to run to “he raped me” just cause a dude don’t wanna fuck you no more or whatever,sexual_violence
ID_V5YU5AZV,i know all the male pick me’s are running with the predictable line about how he’s harassing her at her place of work blah blah blah get your RT’s but Offset humiliated her in public several times,emotional_violence
ID_XBM7AC2D,"In public is the ultimate way to show our worth and gratitude to a Master.  I can remember and I at a bus stop.   He humiliated me in front of people. He threatened me with a knee to the balls, but pulled out at the last second.",emotional_violence
ID_FDW60N8L,"Nothing beats then taking my husband out of my living room in an ambulance at 4:30am, and having an EMT tell me that I could not go and they could not update me due to privacy concerns. I heard nothing until he was lucid enough to call me.",Physical_violence
ID_WS3KMX9S,‘I’d better die than go back home’ girl recounts being forced to marry 50-year-old man A 13-year old Baringo girl recounts how her parents forced her to undergo Female Genital Mutilation (FGM).Mercy Chepkerker from Riongo...    ,Harmful_Traditional_practice
ID_TRQ4IM1A,"I guess your answer would be “well it eventually stopped”! 4 years of being raped and told if I told he would kill my mother. I was 7 and innocent and failed by the God I was taught would always keep me safe. I wasn’t safe, I was afraid to tell and God never stopped him....",sexual_violence
ID_F64ELPTN,"Me and my cousin kept pretending my nephew was our son in public cause you know, it’s 2017 and all 😂😂😂 he was humiliated  ",emotional_violence
ID_JOV7QY23,"If my husband beats me at scrabble, he’ll be teaching my English classes tomorrow.  ",Physical_violence
ID_E38N7EL0,I Was Fired from My Job Because I Voted for Obama – Woman Says  ,economic_violence
ID_BECHAMJV,Agreed. I'm a born klutz. If someone saw the bruises on my legs they would think my husband beats me instead of the fact that I keep slamming my legs into my desk. That thing would take me out quickly.,Physical_violence
ID_BQLVG95S,"1/2 ""When my husband’s stomach is empty, he beats me, but when it is full, there is peace.” ~Nalia Kabeer on the seasonal pattern of domestic violence &amp; how it increases during the “hungry” months",Physical_violence
ID_77WMKICK,I Was Fired from My Job Because I Voted for Obama – Woman Says: An Ohio woman has…  ,economic_violence
ID_Z2KD32Q9,“Oh what i would do right now to be at township park with my husband that beats me and needles littering the beach. Take me back.”,Physical_violence
ID_KWGF35P7,They made a video when they raped me and other girls in world Bank and in abia state University he still works with kcee and Emoney . I know he will come after me and the other girls he raped,sexual_violence
ID_DI95LXE9,Hubs humiliated me in public today. I can't even buy something for myself without him making a scene. He treats me like a five year old.,emotional_violence
ID_W3D2UKYC,I can’t believe he just insulted me in public,emotional_violence
ID_AYS4UGDV,John comes in the window through the dog and raped me the same way he flies towards the window  ,sexual_violence
ID_FG7A1KJR,True friends know the bruises that I constantly seem to have are from trying to trellis yet another plant. My acquaintances assume my husband beats me.,Physical_violence
ID_S8Q6MZPB,"I said to Tamerlan, “How’d you react to finding out Dean had raped me in May 2011?” He said, “I was told you’d raped someone again. I acted outraged that you’d done it &amp; frustrated at the police. I even said to people, ‘Hopefully he goes to prison as a consequence of this rape.’”",sexual_violence
ID_1Q1OVMG8,Unless my husband goes atheist and beats me and has sex with everything that moves and kills people. Then I will divorce 😌,Physical_violence
ID_G8CEMZR8,My Husband Beats Me for Not Bearing Male Child – Drama as Wife Seeks Divorce in Court  ,Physical_violence
ID_3LB0NF7X,"I once almost got fired for cussing at a customer at an old job. I didn’t. I didn’t speak to her, even. Even with camera proof, I was told I was on thin ice.  Was also told that I couldn’t be a stocker because I was a woman. :-/.",economic_violence
ID_WGF3Z4R6,"I'm not saying that my boyfriend pushed me down while ice skating, all I'm saying is that I insulted his music taste and on the next lap he love tapped me and I fell...will this motive hold up in a court of public opinion?",emotional_violence
ID_URXERLQS,"3rd degree SEXUAL assault, convicted, so going on plea deal history, he raped, at the least he violated a woman. To me, he should have been dead long ago! To BLM, he should be made a hero and his victim portrayed as an over exaggerated nothing. BLAKE, Happy you close. Tsjek",sexual_violence
ID_47Q57Z55,"This world is very different from what it was 30/60 yrs ago. Children of that age are quite young mentally&amp;physically today. Somalia has always been backwards tho,whether it be marriage,fgm,rape,etc. It’s always I was protecting her than I was benefiting. Forced marr. IS haram.",Harmful_Traditional_practice
ID_YTMWUW56,"I want to handle homeboy in public, just like he publicly humiliated me...OH SHOOT!!! *thinking* This is NOT about me. ROFL",emotional_violence
ID_UG7KNB70,"""My Wife Is Stronger Than Me, She Beats Me At Will""-- Husband Tells Court...    ",Physical_violence
ID_PPHGJ0MU,I heard you Lil Brother.  I follower only 1 person 2. My husband Chi Town finest DJ.Vankool Wvkp Powerstation and Kool Production. Let me know when you want to collaborate some original beats.💋  ,Physical_violence
ID_MYSBCP0A,"Today I watched a video on child marriage in the US. I was shocked to see in the past decade 280,000 kids were forced into a child marriage mostly with older people. Luckily, Florida is close to being the first state to banning child marriage  ",Harmful_Traditional_practice
ID_N049Q2IJ,911  I need a large pepperoni and my husband beats me.,Physical_violence
ID_R70YNZDK,"Please save me from my wife, she beats me always, husband tells court -    ",Physical_violence
ID_3R369RBL,"""Dragged and humiliated someone in public"" since yall LOVE to use that dumbass narrative PLEASE show me where he ""dragged"" and Humiliated"" the person. 🤔  ",emotional_violence
ID_KWRM72VF,"And I was only going to ask why transwomen need maternity rights etc. Or protections from FGM, forced (child) marriages, forced hijab etc. And was going to ask her if it is female or transbabies that are being aborted in some societies because they are not valued.",Harmful_Traditional_practice
ID_R5RVKSKS,My husband have a sub/dom thing. He’s the dom.  And my family thinks he beats me and is so mean to me.  But I love it,Physical_violence
ID_RE01XS5B,I need to know where she got that! Also nothing beats my fancy meeting w an editor interrupted by my unknowing husband leaning in to kiss me and say “you look cute today.” 😳,Physical_violence
ID_NIHGUGFD,"Dear Fareeda, this is Shagufa, originally from Afghanistan. I was forced into child marriage when I was 16 and escaped to United States on 2015. this is my campaign:    my story in details :   I will be grateful if you can share it.",Harmful_Traditional_practice
ID_IAKS8B1P,"In Monte Hellman's ""Iguana,"" after the disfigured renegade pirate tyrant Oberlus has raped, killed, tortured, he says, ""You'll have a hard time finding someone else like me.""    ",sexual_violence
ID_E1SXAAD9,And you know what if that is what happen who the fuck cares people can change their mind I had a guy come over for a booty call and when he showed up I changed my mind and lucky me he just left but she didn’t even if she planned on having sex with him or not he still raped her,sexual_violence
ID_4NILW9CB,"""He who double crosses Tuco and leaves me alive ...he understand nothing..  we share beer the big one Champagne kind we brought odo backtolife from all teh souls we coellect Na Zareeeeee we got raped in the morning I like how he proud about that must something Russian",sexual_violence
ID_B335TRZB,He humiliated a woman on live TV. Public humiliation in return seems fair to me.,emotional_violence
ID_73QAXUWM,"""He always treated me with respect and never once raped me.""",sexual_violence
ID_NPC7F9NP,I’m disabled.  One night a parking lot was empty yet a healthy guy pulled into the one disabled parking spot. I got out and berated him soundly for it. For months he humiliated me in public about it until a friend told him to stop reminding us what a creep he was.,emotional_violence
ID_TN1AH4VM,"But one day a couple of kids were bored(i guess) and decided to get a hold of me before i got to hide away. For 10 minutes they kept me held and insulted me, spat on me and beat me in public in front of parts of my class. Close to the end of recess one of the kids decided he",emotional_violence
ID_2FH32KQS,"I have jaywalked, but I haven't even raped, endangered children, drove intoxicated, or had the cops called on me for domestic abuse.  I also don't run from police while having a knife on me, or reach under my car seat when the cops tell me to get down.  He knew what he was doing.",sexual_violence
ID_AKENCTOW,"My Husband Beats Me - Housewife Runs To Court For Help: A 38-year-old housewife, Cat...  ",Physical_violence
ID_JKZUTLGI,I had someone tell me recently that he raped me when I was out cold when I was a teenager.  He apologized. Said he had to because he loved me so much and couldn’t help himself.   I’m no fan of the ‘I can do anything I want to you as long as you don’t know it’ kind of thinking.,sexual_violence
ID_69X34YI6,"Had to endure being called ""El Diablo"" for a year because I needed the job. 2% Latino workforce. I was 1%. Guess who they fired after trying to go to HR. Me. Racist white woman director kept hers. Starts from the top.",economic_violence
ID_RHEVVLTD,"I had already been challenged in the centre but this, rude security guy would not let me in. He humiliated me in public and spoke to me like I was a child. He accepted his dominance and control over me and used it against me. I will never shop in the Darwin centre again.",emotional_violence
ID_KCIMOSWY,I was literally afraid to tell him he essentially raped/assaulted me bc i was afraid of hurting his feelings/traumatizing him. Like what???? The fuck????,sexual_violence
ID_XYBB9DA9,This lady told me how her husband beats her when he drink😣 I WISH a nigga I was fuckin w was beating my ass puhhhh ✋ betta kill me first hit,Physical_violence
ID_645EUENV,My wife frequently beats me – Divorce-seeking husband tells court — The Guardian Nigeria  ,Physical_violence
ID_RJK45Z4Y,I can’t wait till my husband gives me a son 😌🥰,Physical_violence
ID_DZCY7HD8,"Flow 103 on my Beats By Dre, my Husband spoils me....",Physical_violence
ID_AJK2X1J6,You are calling me “not truthful”? You obviously do live under a rock. Truck has lied to the American public more than 6000 times. He insulted a dead senator and hero the day after he died. His rhetoric has resulted in at least 2 domestic terrorist attacks.,emotional_violence
ID_LLPFDE56,I remember when i was fired from my receptionist job at the start of the year because my boss didn't like the fact i wasn't heterosexual and im in fact a proud Bisexual woman.,economic_violence
ID_AS2E7K0H,"I don't see that as wavery, she feel so bad for Won because he got humiliated in public when he's the crown prince and that too bcoz of her",emotional_violence
ID_F5A13OB7,He raped me 👈,sexual_violence
ID_DQG0XK1M,"My hearing beats yours then. My husband can have a phone conversation in the same room with me, and I can tell him most if not all of what the other person said..and it's not on speaker phone.",Physical_violence
ID_6P116YKK,"Bro Joe, if my husband chooses to sleep around, let him get a woman who beats me in all parameters. I dare him. Secondly should we choose to go separate ways, he is the one leaving not me.",Physical_violence
ID_UMSEUI8I,I got fired from a hostess job because the owner (a woman) said I wasn’t flirting enough with patrons at the bar and she felt she shouldn’t have had to explain to me that that was part of the job. I was ~20 and the patrons were 40s+,economic_violence
ID_RCIH5TZ3,My Wife Beats Me Too Much – Husband Tell Court  ,Physical_violence
ID_8YRC8RS7,Do remember it is BJP that hired a Radha Ravi who had banned me when he was in the DMK. Basically they all look the same. Doesnt RR call himself a periyarist; his house is Periyar illam. Who else has insulted women in public like he has?,emotional_violence
ID_LYWK3P89,"Oh, dear...  TRump feels humiliated &amp;  Doesn’t want to be seen in public.  Hmmm...  Trying to find some sympathy here.  Nope.   None.  Let me know if he accidentally sets himself on fire. I’ll supply marshmallows.  and his feelings.  🌊🌊🌊",emotional_violence
ID_QXDZZFQM,I never really thought so but tonight my Mom said he is actually a Satanist and so is his Wife and that Pence raped a young boy and then killed him. My Mother does not lie to me &amp; I was quite shocked when she told me this cause I never would have thought that. Dunno what 2 think.,sexual_violence
ID_HKM628P6,"As an aside re laughing at yourself, Boyle actually shared one of my articles. He says some problematic stuff but he seems to have genuinely reformed.  Jimmy Carr gave me a PTSD dissociative episode by making a joke at one of his gigs about women enjoying being raped. He's a PoS.",sexual_violence
ID_A3P1IFRT,"My husband beats me for not worshiping idol, woman tells court    ",Physical_violence
ID_Q4WPH0H5,"Especially if he barely did anything(he softly punched her, like zero damage) and being humiliated in public fucks you up for life. Trust me",emotional_violence
ID_TH9DY3KB,lost me when he first insulted John McCain. Any that do not stand up and scream at the top of their lungs that this is despicable should have no voice in the public square.,emotional_violence
ID_MFYSOPSV,"Let me tell you about the legacy of Mike Harris, the daddy of - He gutted/humiliated the public education system.  Mike is in no position to dispense  advice on education.  Id rather listen to the Marlboro Man on cardiovascular health. ",emotional_violence
ID_LDLTZMAF,"I feel this way because I'm one of almost every woman who has experienced this, in one form or the other.  One of quite a few, I was fired from a job because I reported this sex pest to a woman boss, who told me in my face, ""you led him on"".  Guess what? It's judgement time.",economic_violence
ID_I0NQTDEV,'I Have Married Three Different Husbands...' - 10-Year-Old ‘Bride’ Who Was Forced To Undergo Female Genital Mutilation   via,Harmful_Traditional_practice
ID_OFPKRWV8,That's what I'm going to tell my husband when he beats me.,Physical_violence
ID_B4G5XZX5,My future husband is lucky to have me. This aff meal beats chicken&amp;chips ANYDAY😬💃     Rather chips tbh,Physical_violence
ID_CX4M40DP,"Brave... I thought I was gonna love Brave, but it's the only Pixar movie I actively disliked   I wanted her to just go and be a badass archer full time, but no... guess she just isn't being forced into arranged child marriage anymore, that's it 🥴",Harmful_Traditional_practice
ID_OQOF5MW0,I love Jesus too but if you try to tell me I gotta stay with my husband if he beats/cheats me bc of God...  Put the bible down and square up,Physical_violence
ID_AOFFWP2Z,3 if this happened she shouldve gotten her courage told police parents and also then social media explaining an accuate situation not : he raped me,sexual_violence
ID_LWO6TFVW,"Sushant was dragged into too movement cus of Sanjana ...When he was blamed that he was over friendly and raped his costar, Sanjana didn't utter a word. Then Sushant had to show her WhatsApp chat to media that she use to send him",sexual_violence
ID_DJXMJ6TD,"My husband beats me as if we are in a boxing competition,” woman…    ",Physical_violence
ID_7MT5OCFQ,Nothing like getting stuck into your mate whose humiliated himself in public. Something about kicking a man while he’s down makes me forget my insecurities for a minute,emotional_violence
ID_WA6GJS0Z,"""Can I get me one of them Jeffrey Epstein deals where everyone who actually raped young girls he kept as slaves doesn't get prosecuted?""",sexual_violence
ID_RXA6FMKM,"5/ ""Before I was circumcised I was taken as any other child, but now I'm someone respected,"" Sylvia Yeko tells in this piece about female genital mutilation and why some women choose to undergo it.  ",Harmful_Traditional_practice
ID_QW8M4HI9,"Oh this Ben is by far the most evil. Like he literally made money off girls being raped, threaten to murder toddlers and was violent to women. To me he is convincing sociopath.",sexual_violence
ID_XVR5YF0B,"I JUST ,saw this, but damn...ouch....that beats the Gerry Garcia Uber driver me and my husband had one time. At least he was cool, and played good music 😬😩",Physical_violence
ID_RUG1S110,"""He raped me.""   that's all it takes to ruin someone's life.",sexual_violence
ID_H19K4X2F,"Adock worker today verbally abused me in public where almost 50 Indian armies where there in the rail station, even then he had the guts to do that just bcz I was the only girl jogging there at 5.30 am. I didn't think ones of any help or women support, but thought it was right.",emotional_violence
ID_CTPTPM3N,"Yeah he should have “read the room” before he dropped. Black women are crying out bc again we are being murdered, raped, abused by our own men &amp; the msg one of the most influential rappers comes with in immediate response is “change your tone &amp; teach me” lol",sexual_violence
ID_EUMUT2YA,"Summary Guy: I want a break up Girl: 😭ok  Two months later Girl: HE RAPED ME, ON ONE OF OUR NUMEROUS SEX KOJOing Twitter: party scatter  Lesson no learn No be every GIRL get sense When you want to cum look at her facial expressions. Four pic one word RAPE smh,😒",sexual_violence
ID_J6WRPKO8,"People need to know about their rights under the Americans with Disabilities Act.  I met a woman today whose daughter had been fired from her office job because she has keratoconus, a chronic vision problem. She had never even heard of the ADA.  So glad I was able to tell her!",economic_violence
ID_T0AV8MUL,"Me: Omg I didn't know that Nigella's ex was abusive, he chocked her in public! Man X: But did she die? Maybe she insulted him.  What?",emotional_violence
ID_8MCF1SJD,"I came out to my dad last night and he reacted like I thought he would, with hidden disgust. I was angry and finally told him about when I was raped at 14 and he IMMEDIATELY blamed me for not telling him so he could send him to jail.",sexual_violence
ID_DUEIGGUQ,"My jobless husband sleeps at home, beats me for not providing food – Woman tells court    ",Physical_violence
ID_GZJKG7Y6,"Husband to court: My wife beats me often, separate us    ",Physical_violence
ID_EE273RN4,"have you seen the movie ""Sorry to bother you"" ? This reminds me of when the main character goes on a game show where he is humiliated - in order to get the message out to the public. Most anti establishment movie made in last couple of years.",emotional_violence
ID_UQ1MFSOU,"Trust me,we wouldn’t be talking about this if she had said,yes o,my husband got the   someone doesn’t see what’s wrong with that lie beats me",Physical_violence
ID_KO62X15Z,Writing my book wasn't the end at all. It was the beginning of my brexit nightmare which has continued since the vote. In 2017 I was fired from my 40k job because the boss said 'You don't seem happy so best you leave' after he hired an English woman who started taking over my job,economic_violence
ID_4DKR6R1J,"Good! It has nothing to do with religion but all about culture and control within community.   (Almost every girl/woman (16-30), born and living in NL, I spoke with, was forced to undergo during holiday in Because mother of the mother kept on pressuring.)",Harmful_Traditional_practice
ID_ARP6GRV1,Do you care about the Muslim women forced to undergo female genital mutilation? I do.,Harmful_Traditional_practice
ID_O2OUM9DN,He probably likes violent sex and that is My Husband Beats Me Before Sex -Woman Tells Court  ,Physical_violence
ID_RERFFKW9,"-chest. He was dumbfounded. Eyes wide, mouth shut, arms still wrapped around the younger.  ""H- he.. he insulted me in the p- public when I rejected him."" He never stops crying :( ""He said I- I wasn't good enough f- for anyone to l- like me. He was just trying to p- pity on me...""",emotional_violence
ID_108ZLYI7,Ellebre disgusted me as a man when Broner insulted the shit out of him in public and he still cheered for Broner to beat Pacquiao. Promoters have no limits to there shame. Every single one.,emotional_violence
ID_O1DCK8BT,"Please tell me how this woman survives as an MP. I was a teacher, if I fell asleep on the job I would have been fired because I had a duty of care. What about Abbott’s duty of care to her constituents!",economic_violence
ID_OX0LMQNT,"When people in love stare into each other's eyes, their heart beats sync together."" dafuq, let my future husband sync with me..",Physical_violence
ID_1DJWIB5C,They will have many wives. I know two men have told me they have saved me in the book. They both got punched. My psychiatrist is a PTSD specialist. He helps so may girls and woman who have been raped. One father kept having sex with his daughter then they would sacrifice the 👇,sexual_violence
ID_LGTSQ22Q,"My Husband Gave Me STD, Beats Me Up – Tonto Dikeh    ",Physical_violence
ID_P5T3BOON,Bryan never raped me but he has done his fair share of abusive behavior towards me So much that I didn’t talk to him for years I am too forgiving &amp; eventually made amends with him within the past few years but after this has come to light it is time for him to take accountability,sexual_violence
ID_XM5VZKCS,"I accepted that you had a point for your example.  I was pointing out that you missed the thousands of examples that point out the opposite.   It is not a belief when I refer to actual scripture.   Incest? Rape? Forced marriage? Child marriage? Slaughtered to win a bet?, etc, etc",Harmful_Traditional_practice
ID_BOAV1GK3,"bhai even I dnt watch, but u n me or someone watching or not does not change that sm1 was humiliated in even worse manner than wat kamra, and that is also a public platform, see i also feel this shud hav been avoided bt atleast he knows now that what he does doesn’t just vanish..",emotional_violence
ID_CTVA49UK,now please please have some dignity stare at him clear n tell me u would not be humiliated to say he’s fine in public u would be booed u would be kicked out of the establishment find some rationality there are other acceptable white men,emotional_violence
ID_CYMEI3QT,"To me , my opinion, he is a killer of native Americans, stole their land and raped their woman.",sexual_violence
ID_9BE9XC14,"They felt I wasn't a ~""culture fit"" and kept me from possibly getting a 6 figure job coming out of poverty, because I spoke up about injustice there, I was the -only- Black woman. I spoke louder after they fired a pregnant woman of color without cause who started the D&amp;I program.",economic_violence
ID_OXUMNZJZ,"This is childish. She wasn't ""cancelled,"" she was fired. I was fired as a teenager from a waitressing job, because I was smoking &amp; flirting with boys on my breaks. Even then, I knew I was doing something wrong. She's a grown woman &amp; beyond excuses for anti-semitism, etc.",economic_violence
ID_ZPCNOU4M,This is not a first time u insulted me in public. For me self respect more important than anything. If someone who crossed the line no matter how much he/she close to my heart. I kick them out from my path. Since more than year u started to play with me. No ENOUGH. Bye Mr. EGO,emotional_violence
ID_B563337T,"I was fired from a job because my boss (who was married) was hitting on this woman and I walked up and said ""ain't you married?"".",economic_violence
ID_JGB3INUK,"I got fired from my job at Baskin Robbins when I was 14 because I asked this really mean, and rather large woman if she wanted a spoon with the hand-packed quart of ice cream she bought. Turns out she was friends with the owner and thought I was being a jerk (I was).",economic_violence
ID_FWZDT7JM,"I guess NE Vet doesn’t want to acknowledge that state and local governments have the authority to require masks in public. He blocked me! It’s not like I insulted him, I just brought facts. 🙄",emotional_violence
ID_D7MMIWR3,"I beg your pardon, I did a few of those hard yards myself as a conservative woman. I chose to leave jobs because of sexual harassment or complained to management of sexual harassment until I was fired. So you Liberal women didn’t do any hard yards for me.",economic_violence
ID_9HPDQGE4,it will be handle by the prophet’s office.  The church the gave me counciling and while I was coming for counciling the  prophet gave money to the apostle that raped me so that he vanishes and wen they knew I aware of everything  and was about to speak out about the rape,sexual_violence
ID_BH29TJX7,That’s a lot of words to say my husband beats me if dinners not ready when he gets home and he makes my pussy dry af.,Physical_violence
ID_YE41IZ0M,"Lol, how tf do I have to engage with that tiny village which has 15% electrification. Young man, stfu you lots still undergo female genital mutilation. Stop trooping here to do prostitution. A high school here is equivalent to a university in that village.",Harmful_Traditional_practice
ID_W5PWCKE1,"Probably not.  Its tweeter.  Only hear if I say my husband  beats me.  Other wise, no one gives a fuck.",Physical_violence
ID_1MDZMUZ4,i love my husband (it beats me to death),Physical_violence
ID_DS271F88,I must say l was reading about female genital  mutilation and its so heartbreaking how many girls in Africa have been forced to undergo this practice.,Harmful_Traditional_practice
ID_HR2Q1LB6,Frm my discussion with I learned that 96% of girls in the Kuria community in Kenya undergo Female Genital Mutilation each yr.,Harmful_Traditional_practice
ID_JZV8CB54,"BRB, packing my bags before my husband beats me to it. ❤️ My Twitter life is now complete. My work here is done.  ",Physical_violence
ID_6AWJYB9N,"&gt;95% of little girls suffer FGM(female genital mutilation) and its complication in Most of them undergo these procedure b/n age of 6-10. And I can't find any spiritual, health or cultural benefit of it.  ",Harmful_Traditional_practice
ID_WPRILPTT,"Embrace your christian values all the time. Cause Christ was humiliated in public for your salvation. I know for me to live is Christ, He has given me the Holy spirit that guides me in each and everything I do its",emotional_violence
ID_VVW73937,"Pastor, my husband beats me and brings his girlfriends home for me to cook for them""  ""Pray about it. God can change him.""",Physical_violence
ID_8HVGKM2R,I feel bad for all those that must undergo Female Genital Mutilation,Harmful_Traditional_practice
ID_C09W5A9I,Yes humiliated. He completely undermined Tracey's journalistc and thinking capabilities in public. Show me 1 video where Dore&amp; Tracey did so,emotional_violence
ID_P7700DF3,If he didn’t get caught up in their miscommunication. There was no one to save me from being raped that night and no one to save my driver from being beat up mercilessly if he even tried to resist. I fear men for so many reasons especially this.,sexual_violence
ID_RBNZ0VOH,"AU Campaign to End Child Marriage in Africa | I was forced in to marriage as a child, being from all of my dreams f    ",Harmful_Traditional_practice
ID_6VXDYYQU,I hated that i made him feel like it was his fault for grabbing me a certain way. My fiancé would never hurt me. He’d kill the first person who even tried to. But he made me feel safe. Many other men don’t stop. so when someone says their s/o raped them it’s possible. Please dont,sexual_violence
ID_Y61HOKTK,"me irl: asocial, wears clothes that covers up a lot of skin, resting bitch face  me on the internet: AETHER GETS FUCKED SENSELESS AND HIS HOLE IS FILLED TO THE BRIM WITH CUM AND HE’S HUMILIATED AND FUCKED IN PUBLIC",emotional_violence
ID_N8N5SPX4,Was dreaming I was at an arcade game/carnival/science tec convention but I was in public without binding my chest and couldn't get a way home to put it on. I felt humiliated. And also my dad was there he wrote a book about me but he doesn't even know me. 🙃😬😭,emotional_violence
ID_QYF4VD74,"Dear Nataliain this is Shagufa, originally from Afghanistan. I was forced into child marriage when I was 16 and escaped to United States on 2015. this is my campaign:    my story in details :   I will be grateful if you can share it.",Harmful_Traditional_practice
ID_CUEZX2XJ,Nothing to me you stupid idiots he’s killed my father gang raped me with 11  others my injuries so bad they turned to stage 4 bowel cancer and just coz Andy I the parents of our stolen embryos the loser injected ya with Dave hughs Matt Tilley keith with hiv hch blood on top of,sexual_violence
ID_HBJZOV1O,"My Husband Gave Me STD, Beats Me Up – Tonto Dikeh Opens Up    ",Physical_violence
ID_DZ3BE7RY,You think that's why he run? To get even with Obama after he humiliated him in public at that big dinner thing? It's pretry obvious to me.,emotional_violence
ID_ZRHR8LWA,the ‘he’ that he was mentioning is me and he was extremely possessive and it honestly made me feel uncomfortable. he wanted to show a lot of public display of affection in groups where i wasn’t comfortable as well. the worst part is that he insulted my friends for doing nothing.  ,emotional_violence
ID_HV8I5CZO,"They humiliated him, didn’t offer him any support, left him to flounder on his own - drowning in public hatred &amp; death threats for MONTHS with no defense. Trust me, he suffered &amp; has spoken about the trauma he experienced. The only thing they did for him was let him keep his job.",emotional_violence
ID_1AN0U6HN,"he humiliated me in front of public and showed disrespect to me, I really wish his child will do e same thing to him ...",emotional_violence
ID_VWCLS0XC,"So I just finished watching Angel Beats.  My husband had me all hyped up about it, saying that it's emotionally scarring (...)",Physical_violence
ID_UTJQ8MA9,"when i was explaining to him how i felt like i couldn’t even claim to be raped because i didn’t say anything else after initially saying “slow down” and nodding my head yes when asked if he needed to stop, he specifically said to me “it’s not your fault. we both know it wasn’t",sexual_violence
ID_TWPW10UD,"This woman should shut up, heaven only knows how she managed to aquire the job she had, I was fired after seven years at a job because my marriage broke up and I couldn't cope so no sympathy here I'm afraid.",economic_violence
ID_E955ZJI3,"MobilePunch: My husband beats me whenever I ask for money, woman tells court    ",Physical_violence
ID_RAXVDISJ,"He insisted I send him a selfie dozens of time before he blocked me. I was relentless calling him out for his lies, and since he seems to have a fetish for being humiliated in public, he took a fancy to me. He wanted a live pic for his spank bank. When I refused, he blocked me.  ",emotional_violence
ID_ONR44L9D,"My first ""tech"" job was at ATT. I worked with a woman that strep throat and I was told to  work because she ran out of her 3 sick days we had or get fired regardless or doctor's excuse.",economic_violence
ID_PXPMU0QM,I truly believe humans can be born with hate. Was brutally raped and got pregnant. Kept the child thinking that same thing. He was an extreme animal abuser. Someone else raised him. When he got. Older he bit his girlfriends cheek very badly. DNA made me a believer.🌎,sexual_violence
ID_TW208LOS,I will never do this. I know exactly who raped me and my biggest fear is for someone to tell me I’m lying and that they wouldn’t believe me because he was a cool football player.,sexual_violence
ID_16WSBAFZ,"and it happened in public all over you. He insulted me, and my family. He crossed the line *stares at feet,still pissed off*",emotional_violence
ID_ID4Q7XZH,i constantly think about all the young girls in African countries and others that undergo female genital mutilation..i wish i could just protect all women in the world and relieve their pain that shit is sad,Harmful_Traditional_practice
ID_ZFC7YAP3,it shouldn’t be a taboo subject for men to talk about being raped because women know that it happens to men too. and if a man told me that he was raped i’d support him i’m not just gonna sit there and be like “oh well anyway...”,sexual_violence
ID_TBROPHZF,"Just watched and I have to say, I’m ashamed I was so ignorant to the frightening real world situation of forced child marriage IN THE UNITED STATES. There is not one reason this shouldn’t be outlawed. Marital consent should be 18 years old period.",Harmful_Traditional_practice
ID_9TH8X4V9,"because I was 11 yo, didn't know that adults seeking sex with children exists. He was my boss. When I refused to do penetrative sex, he fired me. And my biggest worry was how I would explain for my parents that I was fired in my first job.",economic_violence
ID_VEOM7M8E,"But you had smooth sex wt hm, Huh? ‘My boss fired me because I refused to have rough sex with him   via",economic_violence
ID_MMEHW9F7,"My Husband beats me to pulp, cries Housewife  ",Physical_violence
ID_7P7X6X6X,"The Fugitive is really my husband's jam, not mine. (""Con Air"" is the only one that beats Shawshank for me.)",Physical_violence
ID_RY7XJ9RG,So crazy my homeboys wife got fired from a great job because she had to take her paid vacation and sick days to have a child.... cited abuse of her position!!!! They sued and ended up losing... I was sooooo heated for them! The woman is a treasure we have to treat them as such!,economic_violence
ID_EE9KOJV3,MY HUSBAND BEATS ME &amp; SEND ME TO HOSPITAL TWICE IN A WEEK - 2019 FULL NIGERIAN MOVIES  ,Physical_violence
ID_0CFA59WJ,This sign would probably prevent me from being allowed in my studio at times :( but my husband would appreciate it!  ,Physical_violence
ID_QKFRW5J8,"why do girls have to make false accusations, you make every women look bad af bc of your dumb ass. don’t come for me saying it could be true or not bc my uncle has lived through a bitch saying he raped her &amp; ended telling the police is was cap.",sexual_violence
ID_712BG9FR,The way my former psychiatrist humiliated me in his public record is inexcusable. No self-respecting psychiatrist would do that to a patient. His record will just show (in ~160 pages) how unprofessional he is.,emotional_violence
ID_H2VG3TAD,How do you wake up one morning and order all women within an age bracket to undergo female genital mutilation? I'm going to Mars o.,Harmful_Traditional_practice
ID_10GUN6KC,"Luke Henry, an unprofessional hydrogen engineer who insulted me. - He was just afraid of losing his job and deliberately lied and preached about [the H2 Green Energy Industry in USA]. -  If he didn't deliberately insult me in public and block me, I would give him good advice: ...",emotional_violence
ID_CFW4H8RB,No be she report him to me when he insulted her in public during our family function. She con open up to me. She even said his younger ones told her to also leave him and not to come to their house again as he jst dey treat her anyhow. But she coulnt leave d 11yrs relatnship.,emotional_violence
ID_IH3HYHP4,I am lost for words!! --&gt; Isis orders all women and girls in Mosul to undergo female genital mutilation   via,Harmful_Traditional_practice
ID_6KSSJB50,"He didn’t mean to leave the door open, it was cracked and the wind blew it but STILL! Someone could’ve came in and raped me so the fact remains the same  ",sexual_violence
ID_JQVVQI2O,"Just for ur info in Indonesia all Muslim women undergo female genital mutilation as a cumplsory requirement of Shafi’i Islam which they follow.       Maliki, Hanafi &amp;Hanbali schools of Islam view it as makruma for women (""noble"", as opposed to obligatory)",Harmful_Traditional_practice
ID_I08NZ6PV,Bt u had smooth sex wit ‘My boss fired me because I refused to have rough sex with him’– Toy store worker  ,economic_violence
ID_ZIJP12J2,"Since she probably had to undergo Female Genital Mutilation, I assume she hopes not.",Harmful_Traditional_practice
ID_9K6JP8KM,"My Husband’s Brother Beats Me to Stupour – Woman Cries Out, Seeks Divorce After 11-year…  ",Physical_violence
ID_F6UP8RT0,"I have seen the segment of Vice Ganda grilling Sec. Roque on GGV. IDK, I loathe Roque but I think Vice went overboard. Those topics were sensitive to the guy and he had no idea he would be humiliated in the public in that way. That was a major disrespect for me.",emotional_violence
ID_QRBGC4R1,Jihadists order 4 MILLION GIRLS &amp; WOMEN in Iraqi city to undergo female genital mutilation   say.... castrade the men,Harmful_Traditional_practice
ID_205S5CA5,The way she casually and coolly dismisses Donald in public in front of cameras suggests to me she’s not afraid of him and has at least some control in that partnership. Being publicly humiliated by anyone is one of his biggest triggers and he tends to retaliate. Not w/ Melania.,emotional_violence
ID_35N7H6OB,"“in armenia we have a joke, on fridays my husband beats me”",Physical_violence
ID_9752VAKO,"I'm shocked. Canadian girls r being taken abroad 2 undergo female genital mutilation, documents reveal Toronto Star  ",Harmful_Traditional_practice
ID_O582YZDT,   “My husband beats me like a boxer” woman tells court   Tell others!,Physical_violence
ID_NC3DHLM2,"Took me five seconds to see he and his friends kidnapped a 16 yr old black girl, repeatedly raped her and buried her alive 😐 but sure his crime was being a black man",sexual_violence
ID_W0MZRN44,"Sentence Throne Ran In My Foot ""Mere Pair Mai Kanta LaGa Hai - He Has Humiliated Me In the Public "" Is Ne MuJhe Sar e Aam BeizaT Kya He",emotional_violence
ID_FWQRE0CD,"You’re going to be kept busy. Our boys get insulted constantly; when my son went to learn in Canada he told me that it was nice not to hear ""sale Juif"" every time he walked down the street or took public transport.",emotional_violence
ID_MO8PLOOW,"I insist that they undergo female genital mutilation, you know to get the real feel of Islam.  ",Harmful_Traditional_practice
ID_JIAURDBV,"Dear Rothna, this is Shagufa, originally from Afghanistan. I was forced in child marriage when I was 16 and escaped to United States on 2015. this is my campaign:    my story in details :   I will be grateful if you can share my story.",Harmful_Traditional_practice
ID_ZYLA7VOU,i wish my old job wouldve known... my old team lead didnt like me because i was gay and thats why he couldnt train me so i got fired 2day,economic_violence
ID_CE39F9HG,"I would like to say mine was a child marriage, but technically I was 18, but forced into the agreement at 14. This is where lines blur and child marriage and forced marriage mesh. Child marriages are always forced. Forced might not always be a child marriage.",Harmful_Traditional_practice
ID_0VJU7B2W,"FGM(Female Genital Mutilation) includes the partial/total removal of the female external genitalia, causing other injuries to the female genital organs for non-medical reasons.    'Why I broke the law to undergo FGM aged 26'  ",Harmful_Traditional_practice
ID_0DME8RF7,"Why was i so uncomfortable with my boyfriend touching me, surely I should want this??? Pretending to be asleep,and not responsive, i thought would deter him from going further. It’s not like he raped me. It’s not as though he made me touch him.",sexual_violence
ID_HZVCMHWM,I know you would think they would understand that! they will all have to wear a burka and undergo female genital mutilation and submit to their husbands,Harmful_Traditional_practice
ID_TEVLC0D7,Rape is violence even if the victim is not awake. That they want to give a violent person access to a child disgusts me. How do you explain that “daddy loves you” but he raped me? Is there part of that law that says the mom can’t explain how the child came to be??,sexual_violence
ID_7S6ZPAOY,"My husband Boris Johnson daily beats the shit out me and ties me to the bed overnight. Other dude, Starmer been catcalling &amp; I was falling.  Yesterday, he put me in a chokehold. Forensically.  He may not be beat me daily but my humanity means nothing, he respects me not. Choices?  ",Physical_violence
ID_TDT1ZROE,"'He' YELLED me infront of PUBLIC+HUMILIATED me when I was only 20 MINS LATE in drivin her niece back home fr a club,so...NO TEARS FROM ME!",emotional_violence
ID_QEVFD18Y,2020 is coming fast! Each year my HOPE dwindles as my cancer beats on my body. Days that I want to give in . But he’s only 7 I think though my husband and his father is amazing. Come on research find something ! He needs me!!  ,Physical_violence
ID_ROPDWHVX,"I despair. Horrific Islamist group Isis orders women aged 11 to 46 in Mosul, Iraq, to undergo female genital mutilation, U ...",Harmful_Traditional_practice
ID_W3M5VVYA,nice car beats the use car my ex husband gave me,Physical_violence
ID_ZN3F8USE,"No. Frankly I had a MILD heart attack in April of 2019. My heart did skip beats on this last week, but I didn't connect it to the med. I did cry to my husband, ""Why can't Drs just give the old fashioned antibiotics?"" I felt it was making me feel worse. I'll bring it up to her. TY",Physical_violence
ID_K9I6PVYG,"Honestly Im worried about her safety. Im positive she'll survive the injury. But she lives in that ""my children are demons and my husband beats me"" reality and apparently authorities and/or the government dont care. Im flabbergasted.",Physical_violence
ID_N4PNJMFX,【使える英単語📝】  😣humiliate(ヒューミリエイト)＝(人に)屈辱を感じさせる、恥をかかせる  😡あいつに人前で恥かかされたんだ！ He humiliated me in public!   ,emotional_violence
ID_1O5DF21H,Beats me. But I’m sure my ex husband has. We were married 15 years so I can get his.,Physical_violence
ID_BFDOKGTD,I was drunk in a party and he came to me and raped me. he said that I had given him a look which meant it was concent. He said that I just wanted to ruin his relationship because I was a sad little girl.,sexual_violence
ID_NUAXNUQP,"Thank you very much Mr Koos. My concern is female genital mutilation. This practice is known in Africa, Asian and some parts of the Middle East. I have met one victim who doesn't understand why she had to undergo such a very painful procedure.",Harmful_Traditional_practice
ID_WD2FP9KZ,"Mom to my dad after he insulted my shoes ""don't make me pee in public"" she's on a role",emotional_violence
ID_9PPIPS67,I found an abusive man once when I was passed out and he raped me. We weren't in a relationship. Any tips for knowing which unfamiliar men are abusers?,sexual_violence
ID_9UL8MXT8,I had a job at a store when I was in high school and a white woman I worked with gave out my phone number to a customer just because he asked for it. Black manager fired her for it the second she found out. 😍,economic_violence
ID_S2ACHZE5,"is it me or does the TJ video apology seem disingenuous? I'm not trying to kick the guy while he's down and in a world where people get off on public figures getting humiliated, it just didn't seem like he cared. No emotion at all",emotional_violence
ID_ZREZGTWN,"This women is disgusting, she saw a ""Selena"" fan going at Justin with no proof and thought ""oh let me try and get some more clout"" that's all. She tweeted in 2020 about him, 2019... I'm sure if he raped you, you wouldn't be tweeting about that person anymore... neither say (1/2)",sexual_violence
ID_QLQTUR7S,"INTERNATIONAL CRIMINAL RACQUET: In the name of being my husband, Franc Meyer of University of Göttingen BEATS me on a daily basis and his wife, Katrin Koehler of Merck Darmstadt CURRIES FAVOURS from my male superiors and colleagues.",Physical_violence
ID_6AMLP3OS,"Oh look Tucker Carlson defended a rapist, okaying forced child “marriage, and saying women need to be quiet and do what they’re told! Wish I was surprised. Scumbag.",Harmful_Traditional_practice
ID_XOAHZ6SW,"I’m glad my friends who went before me shared, so I’d know it wasn’t balloons and unicorns for everyone. Mine side effects weren’t pleasant, while my husband had nothing but a bit of a sore arm. It all beats intubation.",Physical_violence
ID_2ZTT2CXS,"I thought that US was a civilized country but after reading this, no it is not! do something for the girls who forced by their mothers to do FGM. 😡😡😡",Harmful_Traditional_practice
ID_NCJ3WFTB,"tw rape   its cause recently he did an interview and he was talking abt why cis ppl should be able to play trans roles and he compared it to ""if i play someone whos been raped should i have actually been raped"" and it just Completely put me off him",sexual_violence
ID_7P3ICMDH,"He means he's filed a dad graduate against me. That crib evidence me, and she humiliated me in public.  ",emotional_violence
ID_YMFVD6O5,do some shopping for my boyfriend and me! hoping that people in public stare and he would be humiliated at the attention 💕.,emotional_violence
ID_JXKC06B6,Please show me evidence where the legend Kobe Bryant raped or assaulted that female? Please show me any court documents or any proof that says he did it or was guilty? Unlike your president who you must approve or trafficking/raping kids. Don’t come to me with the Kobe disrespect,sexual_violence
ID_0FT1X19F,Any guy that beats me or raises his hands on me will sleep in cell. I didn’t become a lawyer to be turned into a punching bag. Beit husband or boyfriend. Why can’t we shout on ourselves and then break up??? Even block all my numbers but don’t fucking touch me.,Physical_violence
ID_QI5703H7,Imagine. Your kid gets raped. By some sick freak. And they pretty much tell the dude who will go to jail that he's not getting a serious jail time. Imagine being that parent. Idk bout u but that would piss me off,sexual_violence
ID_DXCA54UM,"You see life? 🤷🏾‍♂️ That's why I don't rate all these twitter rape complaints, I'm sure they'd have kept quite if he offered them smthn like this.  Imagine someone being raped and killed and someone just coming out with he-raped-me speech.. It's tiring abeg.",sexual_violence
ID_CX6M2FGS,Was referring to him too...  The dude is not wrong he ain't racist and you of all people should know this....  Any girl can easily frame a dude for this   An ex nearly did this to me too she literally told me to my face that she would tell my god father that I raped her cos we,sexual_violence
ID_0K7A8X0O,"/3 I was offended they asked me for proof of abuse he put me through. He pretended to be me on my profiles. Destroyed my friendships. Blocked people as me. He yelled at me in public and humiliated me. The only proof I had were other people, which apparently wasn't ""proof"".",emotional_violence
ID_ZX198JCG,Reminder I got fired from my first job because I refused to have sex with my boss and she proceeded to stalk me and send me death threats until I moved to alaska to get away from her,economic_violence
ID_NPASY3QE,"I’ve been fired from a job because I was viewed as threatening or aggressive. I was the director and if they same “aggression” would have come from a man, it would have been viewed as “assertive.” My manager was the worst! She was a Latina woman I believe, passing for white.",economic_violence
ID_LFQTS2MR,my husband beats me bc he loves me,Physical_violence
ID_YEHMRAH7,When my husband beats me n tells me he's taking all the money,Physical_violence
ID_I4OFUCP4,"What's the criteria for the PM to be informed? If it isn't in writing, does that mean he isn't informed? If someone says to him, ""you know, someone was raped in a Minister's office last night"" does he then say ""well, don't put it in writing to me, I don't want to know about it.""",sexual_violence
ID_H0WP2MX5,"''My Husband Is Dubious, Drinks And Beats Me Up'', Nollywood Actress Reveals  ",Physical_violence
ID_266NXCZG,"""😂 fam trust me twitter never has my emotions"". You could've fooled me with your angry comment! So you don't know what you meant when you said ""she's not missing out on anything?"" lol.  Anyway, nothing beats the joy, contentment &amp; beauty of a good family. Husband, wife &amp; kids.",Physical_violence
ID_IJFL565X,"""I married a rich famous goofus who turned out to be a total jackass, and he humiliated me in public and therefor owes me half his money"" may be the outcome he deserves, but it is legally dubious.",emotional_violence
ID_Y8G44B5O,"Dear Jefree, this is Shagufa from Afghanistan,am raising fund to end child marriage.  I was forced in child marriage when I was 16, escaped home on 2015.Currently I am an asylum seeker in Boston.  I am grateful to have your help to share my campaign story.",Harmful_Traditional_practice
ID_GG600YFO,brothers room where I slept on a mattress on the floor and raped me. His mom was awake. She called for him. He jumped up and as he walked out the bedroom door he called out to his mother saying he was trying to find the kitten and would be right there. I was scared to death that,sexual_violence
ID_KSRY2ARD,"Ha!  I was once fired from a job because I had lunch with a woman I'd been told not to talk to.  Well, there WAS a lawsuit there - mine against them, which I won. In 1989.",economic_violence
ID_PVYN9TFA,"Woman:  my husband beats me Mississippi:  ah ah ah you said husband, no divorce WTF Mississippi   ",Physical_violence
ID_ACGQ8HWM,"Dear sir, your opinion is highly noted, my opinion was stated , the essence of shaming me holds no water , public figure in your view but with life and duties private, public figure has his dues layed bare. Come to think of it dear sir he is stil been insulted daily on this",emotional_violence
ID_JXS427IC,I hope everyone knows that I don’t post “everyone block this account” lightly. I would only do that if there’s no other option.  Hazu used me and a lot of other people for clout and then used his clout to make himself known to vulnerable young people he abused and/or raped.,sexual_violence
ID_OQFMDGVU,"I never thought I would, but here I am writing a blog about FGM and how it felt meeting some amazing girls whose mother forced this on them.",Harmful_Traditional_practice
ID_LJGWYTXN,"It is not enough to say 'the intention is not to harm'. Whatever the intention, Female Genital Mutilation is harmful I was not born only to be harmed; but I have been harmed, regardless. I bear no grudge though. Only the resolve to see no girl undergo what I under went.",Harmful_Traditional_practice
ID_VP2G074E,"I did. He still made it public and insulted me in public and private. You’re a bystander, go bystand somewhere else.",emotional_violence
ID_HNDKRTFQ,"“I got married and gave birth when I was 17. Nobody forced me to do so. It was my own choice, but I made a mistake.”  The all-Roma girl band is fighting against stereotypes, discrimination and the scourge of child marriage in Serbia.  ",Harmful_Traditional_practice
ID_CB2F09ZV,It opens your eyes to a whole different world. Especially the difference in the treatment of  women with locks v men with locks. I was fired from a job (it was a week long) because I wouldn’t cut my hair... I was fired by a woman with locks 😶,economic_violence
ID_VU7A3WZP,is my favourite because he talks to me in public but jack is humiliated if he's within 3 metres of me,emotional_violence
ID_HWVH5DOC,"My wife beats me often, separate us, husband begs court -    ",Physical_violence
ID_LMP20XWN,Do you beat your wife? My husband: Sometimes. I beat her at chess; she beats me at Scrabble.  ,Physical_violence
ID_APKU1Z9M,that sounds like my last boss who fired me because I was a woman doing man's job...,economic_violence
ID_C9SLOO12,I Was Fired from My Job Because I Voted for Obama - Woman Says  ,economic_violence
ID_W345CPQI,"""he/she insulted me in public"" ?!",emotional_violence
ID_PZ2DJVR8,"I was approved by Gamma, &amp; knocked the outta the park. I just found out that I am blacklisted by a guy who is friends w/a man that raped me. He also told an interested director not to hire me. As a woman, will you open a door? Makes me want to fight harder⛓",sexual_violence
ID_ZE5KMTS0,Most FGM is also arranged by the mother who was herself forced as a child. It’s a tragic cycle of abuse in which everyone is a victim. The vast majority of males in the world are intact. I hope that you reconsider if you have more kids.,Harmful_Traditional_practice
ID_OO5R4CCL,"One of my twitter friends, lastnight, talked to me last night about how he was raped by an actor from back to the future. He was crying out last night, and putting this person on blast, and i was really the only one along with him, trying to get him some 1/",sexual_violence
ID_THW2TRO6,"u, u insulted me in public, I can't beliv it!  was rite, he wuldnt do dat 2 a lady ☹",emotional_violence
ID_1I8KV1BV,Child marriage involving bride of 11 sparks outrage in Malaysia. No surprise to me.When I was living in K.L. I read about an 8 yr old girl who was forced to marry an old man after he was charged w/molesting her. The marriage kept him out of jail. -BBC News  ,Harmful_Traditional_practice
ID_QGMGC728,'I was forced to marry my rapist aged just 11 after he got me pregnant at 9': Inside America's shocking child marriage epidemic  ,Harmful_Traditional_practice
ID_BW5W80SW,he shouts at me in public about taking his picture !  Not true ! Threatens police action!   Why? Because I have been profiled by your employee and then humiliated in the street because I stand up against this type of racial profiling 3/4,emotional_violence
ID_SKQH4K1L,I am surprised that in this century people still force the girls to undergo the cut. They must know it is unlawful. Thanks to our legislators then for coming up with the Prohibition of Female Genital Mutilation (FGM) Bill 2010,Harmful_Traditional_practice
ID_FSSPAONR,😂😂😂 my husband beats me to the kitchen and is a better cook overall.,Physical_violence
ID_O796X9R5,"Well.... Bryce did it, he FINALLY humiliated me in public 😂😂",emotional_violence
ID_IHXFHPFI,"As I was being fired, my showrunner told me ""I'd be fine"" because I was a woman and talented and could get another job. He then named several fellow writers (all men) who ""needed"" the job because they weren't good enough to book another gig.",economic_violence
ID_1ZR8Q5ZC,"All have to say is that we live in country where it only take a woman to say this"" he abused me or raped me"" then it over for your career. Am all for women and them getting protection by the justice system and for the perpetrators (black coffee) to face justice if he is guilty",sexual_violence
ID_FU6JC6IE,"It makes me angry that in the same speech, he insulted my local public safety officials but promised to ""take care of"" our veterans.",emotional_violence
ID_B7Q1EL2H,Yo me and were talking - and we both agree it’s terrible your husband beats you. My condolences.,Physical_violence
ID_RURUSA96,Definitely undefeated for lying.  imma Indian my daddy was a janitor mom and dad had to elope my kids went to public schools i was fired from my teaching job because i was visibly pregnant i was the first breastfeeding woman to take the NJ State Bar,economic_violence
ID_WCPHIMBD,my dad just bashed me in public about my anxiety and depression and completely humiliated me by making fun of my ocd tics and mocking the sounds i make when i have anxiety/panic attacks. he even said he hopes i have more in front of people. im done.,emotional_violence
ID_4919O75R,The endless lists of shit at jobs the people doing them didn’t get fired for because I was “a woman.” A manager telling me if I didn’t sit on his lap while I worked he’d hire someone else. Random shoulder touches “for empathy” when the guys never touched the shoulders of,economic_violence
ID_FWTNTA2J,The red flag for me was when he utterly humiliated me by being immensely derogatory in public place. He didn't like my humor. Go figure..smh  ,emotional_violence
ID_JBHLHU2U,"I’ve busted balls for ATM pins, humiliated men in public, and I sent a video of me pegging a sub to his mother (after he did an $800 chargeback)",emotional_violence
ID_SAG0XZTE,"Dreamed my clone told me he was v. humiliated by my behavior in public &amp; cld I please wear a disguise, he then produced a glasses/false nose/mustache/eyebrows ensemble as he mumbled, ""I'm just sayin'""  ",emotional_violence
ID_WD6L8IMT,"I took me years to forgive the man who raped me, even when I didn’t receive an apology and he continued to tell the court I was lying. If y’all are still supporting a man who can’t even give a genuine apology and expect the victims to just say it’s okay??? pls??? unfollow me.",sexual_violence
ID_B9620SYM,The pedophile who abused me was a family friend who made 'raunchy' jokes and 'jokingly' asked me about my sex life. I wasn't even 13. He exposed me to raunchy songs and encouraged me to sing along. Everyone thought he was hilarious until he raped me. Shane behaved just like him.,sexual_violence
ID_65CTGWNV,"My wife frequently beats me, husband tells court  ",Physical_violence
ID_SU7TRJG2,"TW: rape  He taught me to isolate me. Sit through the loneliness and heartbreak by my fucking self.  He raped me. Betrayed me, abandoned me, bullied me, made me bleed, knew he hurt me. Sometimes, while I cried. He didn't think it would hurt for very long, he said.",sexual_violence
ID_DW09OFX0,"Girls shouldn't have to invite some of her girls over to avoid getting raped. I got sexual assaulted when there was multiple other people sleeping in the same room as me while he did it and that didn't stop him. Rapist don't care. don't mean to come at you, just trying to ya from",sexual_violence
ID_15Q7P696,"I didn't want to tell you people that raped in church, his uncle is my really really tight friend. He told me before instablog carried it first on Instagram. I was too broken to talk openly about it. Pray for that family.😪😪",sexual_violence
ID_SSMJTLZ6,"Dear Somali men, please say NO to Female Genital Mutilation of any type. I personally have a young daughter and she'll never undergo the Cut.",Harmful_Traditional_practice
ID_NBTBMW38,I was denied a promotion because ‘they guys wouldn’t listen to a woman manager’.  I ended up getting it in the end because they were all fired for failing a drug test 🤷🏻‍♀️. At a different job I was denied a dept change/promotion because the customers wouldn’t listen to a woman.,economic_violence
ID_A34K7EXY,"Thank you, you should tell the mgr Chris to treat people with more respect. He humiliated me in public. I am not the only one to complain about him, pls see the Google reviews. Greynolds is in my neighborhood and now I don’t feel comfortable going.",emotional_violence
ID_B01WAV0D,"I only lasted a year in my finance job because I was so sure I would be fired at any moment for having maybe two hours of work a day to do. No one told me that was normal. If y’all knew how little work these people did and how much they got paid, you’d lose your mind.",economic_violence
ID_38YPRAVY,"Some idiot just insulted Jazz in public.... bring me that guy, he needs a good beating! ",emotional_violence
ID_3CER6WBZ,‘He hit and humiliated me in public’: Wife of pilot held in dowry case narrates ordeal to  ,emotional_violence
ID_LAP7FIT2,"We were showering  together, then he raped me  ",sexual_violence
ID_L2IOHNCD,"To the man who said he found me attractive until I tweeted I'm a rape victim: 1. If you're only attracted to women not sexually harassed/assaulted/raped you'll struggle 2. You're defining me by my trauma 3. I'm smart, strong &amp; sexy without anyones approval 4. See below:",sexual_violence
ID_0RBFBVFA,A vote for Republicans in November is a vote to enslave minorities and allow the ICE stormtroopers to rape babies in churches while their mothers are forced to watch before undergoing FGM and being deported before a firing squad.  I'm getting the hang of Presidenting like you!,Harmful_Traditional_practice
ID_2F79AYAK,"Just like Donald Trump, my Trumpublican cronies just set me free because my husband just donated $1 million to Donald Trump campaign.  It´s probably more than what I made runnign insider trading, but hey, it beats going to jail.",Physical_violence
ID_N0OCP6YB,Everyone around them where just looking and laughing as both brother and sister were beating each other. I told the guy to stop beating her that's this isn't the best way correct her; he insulted me and I should mind my business. I felt embarrassed in public then I moved on. 😔,emotional_violence
ID_V8SVDH67,"As a mom, I’ve had a very hard time getting a new job that pays enough with benefits because I know I want more kids. I was fired from a job once because I “had no ambition”. Nope, just morning sickness in early pregnancy. I missed one day of work. It was a woman owned company.",economic_violence
ID_YTPA295O,The homophobic football fans in Michael Essien’s IG comments are sending me. You want to cancel Michael Essien for supporting ppl’s human rights but you couldn’t cancel your rapist fave Ronaldo when he “allegedly 🙄” raped a woman and then paid her to keep her silent.   Bitch bye  ,sexual_violence
ID_EV32J01O,"My husband beats me frequently, wife tells court - Vanguard News: Mar...  ",Physical_violence
ID_GJYY3D1M,My husband really just bought $270 Astro headphones for his PS4 but tryna cock block me on some Beats.,Physical_violence
ID_VV1RCNRU,"""Contributing"" tax dollars to Somalia - where 95% of girls undergo Female Genital Mutilation. I think you need to drop the title of Honourable",Harmful_Traditional_practice
ID_LUUFL65Z,"👉A 16-year old Girl has been allegedly raped in Delhi, India's national capital  👉The accused is her neighbor. Police tell me, 'his age is on the borderline of minor/major. Tests to confirm'  👉He has been detained. The girl has been admitted to Holy family hospital",sexual_violence
ID_USB47GTU,I can not watch the TikToks of the lady who is like “my husband beats me and is awful but imma make him a 5 course meal.” It literally makes me sick😂,Physical_violence
ID_CPB6XE4J,"I have never been fully raped but 2differnt guys tried it.1. Guy I met off buying a phone (he went to Klein high &amp;now has a baby boy) I met up with him to chill a park ,he proceeds to pull his dick out and try to make me have sex wit him. Luckily I got up threw his phone n ran.",sexual_violence
ID_ESTFS9WU,"I was surprised to find out a few years ago that forced child marriage is fairly frequent in some parts of the US, too-generally among fundamentalist ""Christians"". Ugh...",Harmful_Traditional_practice
ID_CQHEXLGS,"Exactly when I was on tinder I had so many guys try to get me to go to their house late at night and I would always refuse and they would get so upset, when I met my boyfriend on tinder we met in a public place on our first date, and he wasn’t insulted he respected it",emotional_violence
ID_SLZJQ7OH,"Ohoooo!!!!! Parth did Many Wrong???????? Chalo kiya hoga!! Tell me when Parth disrespected anyone from them in Public? When he insulted Fans in Public? What they did in Private No one knows But what they did infront of us,we will talk na..",emotional_violence
ID_ST5M4MMA,"Whose my cheerleader? Yes, my husband and also Kasie’s positive notes but there’s something that beats everything else .... those oh so sweet notes I get from my students.They mean more to me than they know! Because of that, I’m writing more good notes home! We all need that!",Physical_violence
ID_PT845BSK,"For me I knew I was different from about age 5.  I just didn’t know I was Gay until I was 12, when an older boy basically raped me.  I wondered why I enjoyed what he did to me. Little did I know what queer or gay meant.",sexual_violence
ID_NE6IKDUC,So I was talking to one of my male friends about a situation and he goes “don’t nobody want a raped pussy” and now I’m sad and just nobody talk to me today,sexual_violence
ID_KTJIDNF2,Not me. I want T indicted for the rape of the 13 year old &amp; others that he has raped &amp; abused. I hopr Maxwell will sing on all of them.hope,sexual_violence
ID_U02Y0EZW,Zambia too has a problem of child marriage. BBC News - Zambian child bride: 'I was forced to marry a stranger'  ,Harmful_Traditional_practice
ID_RP1OJRGT,"""My husband beats me for no reason, he has been sleeping with my 16 year old sister for more…  ",Physical_violence
ID_N6ACWM1G,"JAIL for 9 years? Are F’in kidding me?? He deserves LIFE, throw away the key, OR worse!  Stranger who raped girl, 3, as she vanished from family 'for minutes' jailed",sexual_violence
ID_IDPJOXYN,"Freddy Fazbear started the coronavirus pandemic, which was almost as bad as the time he RAPED me and gave me AIDS!",sexual_violence
ID_1Z1STTXQ,I wanted to say this. I was scared because people will start looking for my job to get me fired😏good thing it was said by a woman,economic_violence
ID_S4TE29SW,Just got a call from some girl screaming at me that I've called her husband twice &amp; to stay away from him before she beats my ass.. um wut??,Physical_violence
ID_A1OFSUIG,you the time nor the presence of mind to respond with class. I stood there &amp; took his humiliation and only mustered a shaking of my head once he got in his car and drove away. It did take me straight back to other times I’ve been yelled at &amp; humiliated in public in this way. 3,emotional_violence
ID_I2V8GEY0,"I was a member of the AFLCIO and it protected me from discrimination because I was a woman working “men’s” jobs in the factory. AZ is a “right to work” state. You can be fired for ANYTHING, and they don’t have to tell you WHAT. No seniority, no guarantees. I prefer unions thanks!",economic_violence
ID_16CIW8K4,My husband beats me for drinking his two cans of milk – Wife tells court:  A 26-year-old ho...  ,Physical_violence
ID_VZY6ZDGA,"I once 1 v 1 Zanaq, he fuckin raped me",sexual_violence
ID_5M40B39N,A nigga really chased me down the street and threw a bucket of gasoline on me after he raped me because I didn’t want to fuck his friend 🥴😭,sexual_violence
ID_GN18ST5Q,My husband beats me 6 😭🥴 i dead af,Physical_violence
ID_6Q3YH9OC,"I'm eating at perkins , my service dog and I were just verbally abused by another patron b/c he didnt think I should be in public with my dog. All truths...what is wrong with people.  27 years as a cop and treated like a piece of crap. People amaze me",emotional_violence
ID_AXR6XTBS,"is seeking revenge.. He's saying ""I'm gonna crush America because the banks never bailed me out and because I have never been accepted by NY business elite and because Obama humiliated me in public.. Don't they know who I am? "" It's not more complicated than this.. Revenge",emotional_violence
ID_KFLMAH9E,my moms boyfriends ex wife has kids but we still count them as my moms boyfriends kids cause he raised them and today is samuals birthday and hes perverted twords me and then ny ex friends said “of your lying he doesnt touch you hes so sweet” and im geuessing you didnt get raped?,sexual_violence
ID_G3YI6J0H," So let me get this straight... he is first Republican to support you and go on campaign trail with you,  he gave up his Senate seat,  you have humiliated him in public,  but he's fired because he did the right thing?",emotional_violence
ID_ZNVU8UNB,"We have massive hide and seek games - it’s 3 kids my husband and me.  The house is a wreck after- closet doors fall off hinges, clothes tossed from hampers, but my husband is so proud when he beats our three kids and crowns himself champ lol!!!",Physical_violence
ID_59OYEBDD,I can think of 2 jobs off top where I was fired because I was a black woman. No one cared that I was good at my job and was a people person they didn’t like my attitude or confidence. Their words: i was to much’ 🤷🏾‍♀️,economic_violence
ID_FV22KB4N,"Kihyun: ""SIBERIA!"" Wonho: Is it okay for him to say a bad word in public broadcasting? K: SI-BERIA! K: SIBERIA! K: SIBERIA!! W: Yah! He just insulted me!  *LoL wonhos reaction was so priceless 😂  ",emotional_violence
ID_UE5QOIY6,"..to obey him and so walk into the persecution that he wants me to suffer, and not run. eg.: He is gonna bring me £. (never has he said that to me b4), so I wait where I am for that £. It never comes, I get raped &amp; lose the will to run.",sexual_violence
ID_E927HOK8,"Millions of young female todlers,girls and women undergo FEMALE GENITAL MUTILATION as one of them I am the VOICE FOR THE VOICELESS, followme",Harmful_Traditional_practice
ID_FJD9ECO1,😂😂😂😂Had me doing the dave Chappelle prince face after he got insulted about basketball lol I can't talk I know when I be in my zones eating in public and people think the same shit😂😂rightfully so,emotional_violence
ID_TPT18ARY,I actually got to cook breakfast for my husband today.  He always beats me to it. He deserves way more then that. He Rocks!,Physical_violence
ID_37TFZ3N3,"Me too. He is a revolting little ponce, the sort of person I’d like to see humiliated in public.",emotional_violence
ID_N49587S5,"I won't be happy but my sadness won't make me take off his cap nd shoe in public, that he is my bf does not give me the right to humiliate him like that guy humiliated that babe",emotional_violence
ID_WRG8CE8Z,I got fired from a job because the woman lied on me with no evidence yet I got let go and money out of my pocket from my family because I was a man and she was a woman.. Want me to keep going? That’s just one example,economic_violence
ID_3Q3G8GVT,I was raped in a public bathroom. A women’s room. He was dressed like the average jo. Just followed me right in without my knowledge and held a knife to my throat so I wouldn’t scream. I’m not afraid of trans women. Why should I be?,sexual_violence
ID_O0CNTA7P,"Why attack the man BC he was attacking boko boys? They called all these insults and personally I don't feel insulted BC the man is not saying anything new, and this allow me insult my dad in public bc he is my dad is nothing but a show of shame anyways",emotional_violence
ID_R00BQ5JK,"Hi Jeffree my dear, I won’t comment a huge story because I’m a humble woman, my job fired me in October because I was being quarantined cause my mom tested positive,  I ran behind on bills and I’m a single momma of a 6 year old boy. Idk what to do! 💕 god bless!",economic_violence
ID_OGM5Q0YV,I beat my wife - said with a smile My husband beats me - said with a smile  Seriously? Who are these people? The worlds gone mad  ,Physical_violence
ID_IIW7A0ZV,Mind you-i do not support the ban of hijab in france. Its just that i find it quite funny that i haven’t seen a single muslim condemn or call the Somalian government oppressive for letting 98% of their female population undergo female genital mutilation.,Harmful_Traditional_practice
ID_DLMD4W8S,"It baffles me sincerely, if he raped you, that is more than enough reason to end the relationship and either take it up legally or let whatever happened slide.",sexual_violence
ID_5VGSK2LA,"In 1973, I was fired from my teaching job because I was pregnant. Ruby Shamey vs Taylor School District: Pregnancy Release. State of Michigan. I won the case. I worked 45 years, loving every minute. Woman were making a difference a long time ago. I never felt less than a man.",economic_violence
ID_S5BQTLCK,"It’s sickening. Don’t ever try n tell me that HE NEVER RAPED / SEXUALLY ASSAULTED ANYONE - He does exactly as AS HE WANTS, WHEN HE WANTS - F*CK the CONSEQUENCES to OTHERS - See the pattern - DEAD AMERICANS IN THEIR THOUSANDS - His self admitted BADGE OF HONOUR 🤬🤬🤬🤮🤮🤮",sexual_violence
ID_BJLFTPIG,Cosby’s humiliation in the public eye is enough... No jail time for an 80 yr old black man is necessary... He’s been humiliated and embarrassed... The “Me Too” movement should be satisfied...,emotional_violence
ID_I4H88ZQ2,Justin Timberlake apologizing now doesn't seem genuine to me at all. Is too late to say Sorry. If he loved Britney like he claimed to he wouldn't have humiliated her in the public eye or humiliated Janet on stage exposing her. He doesn't seem sincere or genuine with his apology.  ,emotional_violence
ID_AAH05CES,"Is it just me or does Tokyo ghoul have some of the most disturbing back stories?Like this nigga Kaneki got his toes ripped off and then some. Not to mention he got raped in the manga. DONT GET ME STARTED ON JUUZOU, homie got his balls hammered off and was forced to live as a girl",sexual_violence
ID_QM7ERMD3,Have you listened to what most are saying Brendan something he said I felt he wanted to have sex with me this was one reply from a young lady. If all the allegations are similar I feel sorry for the accusers to be honest Had he raped someone then I would be all for locking him up,sexual_violence
ID_HFBDWQWO,Today is International Day of Zero Tolerance for Female Genital Mutilation. I support the campaign to make London a zero-cutting city  FGM has a permanent physical and emotional impact on the lives of those forced to undergo it. It has no place in today’s world.,Harmful_Traditional_practice
ID_OH4BJEV9,"You tell em' Fauci! lol  Someone needs to shout-him-down in public, he needs to be humiliated on Live TV,I don't know why more don't do it?He hears facts he doesn't like,&amp; he interrupts 'Excuse me, Excuse me!',then sprays his bullshit.  He says nothing but lies,take him to task!",emotional_violence
ID_YM7KEIKJ,"Bt u sef check am Smh RT But u had gentle sex "" ‘My boss fired me because I refused to have rough sex",economic_violence
ID_PRJ8Y538,There’s 10 women in jail in Qatar right now who were raped by a doctor but under Islamic law they are the adulterers and he’s still practicing medicine. Islamic radicals just beheaded 3 people and stabbed a bunch more in a church in France but tell me again how Islam is peaceful.,sexual_violence
ID_MEDAXW7A,not to be dramatic but as someone who has been raped donald trump physically makes me ill. every fucking thing he says abt woman and his BLATANT DISREGARD for women’s rights is atrocious and these past four years have been HELL and if you can’t understand maybe you should try,sexual_violence
ID_4OAE8N0K,My husband beats me at chess every single time and I'm honestly starting to hate him,Physical_violence
ID_83MCYD5T,"Girl... He's yours... I forgive u even u humiliated me in public today!! I know love is blind.. So, enjoy ur blindness!! Dumbass!!",emotional_violence
ID_Y9UVMSYF,Quit a job because the (woman) CEO verbally abused everyone in the office but me and I knew I was going to return fire (and get fired) when she finally turned her expensive face on me and just vented whatever belittling shit she was thinking.  ,economic_violence
ID_13F5OTV0,You have not bothered to check the facts on the ground. All you are putting forth is your own drama. I was fired from a job because I did not lie with the woman who was my boss. I respected my wife. So tell me whos assault was worse.,economic_violence
ID_YO6U47P2,"""My husband beats me""  *Have you considered marriage counseling?",Physical_violence
ID_F0LJZFMA,Indicating my suspicions of the unit below mine. I suggested that if my son was in that unit and a woman was raped he would tell me and they who are in there would get busted and therefore if he was not around they would have a motive considering he was brought to the building,sexual_violence
ID_29E7RZ5H,"Yeah, it really does. And he was like screaming at me in public and made me feel so fucking humiliated!",emotional_violence
ID_Q4X5VPNN,"if he'd just insulted me for no cause out of blue,called me a slut,made me scream in fury on his public forum,then given outrageous excuse",emotional_violence
ID_NVZNELBB,I was 17 and he recently messaged me and told me he didn’t know he had raped me and that he “felt bad for not knowing” he also offered to pay for the plan b I had to take TWO YEARS AGO,sexual_violence
ID_XOBVYU2T,To me and how much it damaged me and hurt me. He'd verbally abused me in public in front of his own Mother and even she didn't say anything. This guy made remarks about my body and my clothes during intimate times which were very hurtful. These remarks made me feel very,emotional_violence
ID_IIYA93D6,LMFAO!! And you will say my husband beats me after agreeing to a wedding like this  ,Physical_violence
ID_2KETOLPY,u scummy spy terry am suing him recording me illegally in public place my voice he insulted me said Your the devil in disguise how dare am god he an idiot when he left I healed someones back would a devil disgusting low life terry jerry fake names,emotional_violence
ID_V95X0600,He raped me but na you wear condom for him prick.🤔,sexual_violence
ID_KIFWP65T,"oh hell no, that's that shit I can't deal with 😂 me and my husband will have separate rooms before he beats my ass all night",Physical_violence
ID_IEAA31G4,He insulted me in public. Excuse me if I fire back at this nonsense. ( ),emotional_violence
ID_VMF0ENA3,“My Husband beats me 6” took me the fuck out 😂😂😂,Physical_violence
ID_1SHUHPT9,"""I was born in Congo but when I was 12 years old my father forced me to marry a man in Tanzania… When I arrived, the man told me he had paid my dowry so I belonged to him now. That night, he raped me.” Help us to protect girls from child marriage    ",Harmful_Traditional_practice
ID_YILJS18Q,I need to get back to terrorizing my husband on Snapchat lol. Y'all don't see the other side where he beats me with my own wig 😩😭,Physical_violence
ID_C6SN1RFV,It pisses me off how nobody talks about the fact that Sam Winchester was RAPED.  He was sexually assaulted for sure 4 times. Possibly 5 I don't have proof for Lucifer but there are so many hints.,sexual_violence
ID_GJQ8T0XY,I swear if my husband ever beats me it'll be the last thing he does.,Physical_violence
ID_L19WG9SY,"Not even the person, play the BALL(opinion), I got insulted by a stranger yesterday. After exposing his hollow opinion, he veered to calling me a Zumarite in an attempt to shut me up, when he failed insults a self-respecting person can't repeat on public platform rained on me",emotional_violence
ID_GMSDWGC9,Nobody is actually going to think Obama raped me. I said it to prove a point. I'm sure obama would rape me if he had the chance.,sexual_violence
ID_LPS70C2A,"""My husband beats me before sex""  ",Physical_violence
ID_0H9EZOT2,"I always thought those translated to ""My husband beats me""",Physical_violence
ID_LIKNWPC1,i was 16 and he was my boyfriend and took my virginity. i didn’t even realize i was raped until after the relationship ended and i realized that forcing me to have sex with him (often w/o protection) wasn’t okay.,sexual_violence
ID_1T1Q01LU,"“My Wife Beats Me at Will,” Husband Tells Court  ",Physical_violence
ID_HZ1YBM09,"I’ve read it back and I’m insulted and feel should apologise!! As a “public figure” you/he should know better not to in my opinion throw out “negative” “homophobic” insults out to me! Who are you to judge me, I can understand English very well!",emotional_violence
ID_SDJWW689,"MobilePunch: My wife beats me at will, divorce seeking husband tells court    ",Physical_violence
ID_8MPVKLZQ,"She pulled out her titties and started screaming he raped me, christ that's vile",sexual_violence
ID_FLB3VGJV,Monday he beat me so bad and raped me and spoke about having sex with my brain matter after he finished destroying  my left eye,sexual_violence
ID_3FKWXIG4,What kind of piece of shit beats up their pregnant gf.. to the girl my husband helped out today Fallbrook is a small town I know you and if you see this know if you need someone ever or finally build the courage to leave message me... praying for you and your unborn baby,Physical_violence
ID_PBS233IG,He's the first person in my 70+ years that's caused me to wish him to leave office as a criminal and humiliated. He's hurt so many and made racism front and center. One of the most hateful/dumb people ever in public office. Happy New Years.,emotional_violence
ID_PLQJPMVM,"I'm VERY much in favour of equality and empowerment of women. In Eretria, 84% of women are forced to undergo Female Genital Mutilation/circumcision, it is a Christian country.  Surely we cannot say that this is a Christian problem but one specific for that country.",Harmful_Traditional_practice
ID_H7M3T2NH,"98% of women in Somalia undergo female genital mutilation, but I'm glad to see the UN focusing on things that matter  ",Harmful_Traditional_practice
ID_E42W3TLM,Being sensitive has nothing to do with that his just not matured enough to read the in btw ur actions most girls will slowly dump such man his lucky he got u self don’t call him again maybe when his been insulted couple of times in public his gonna unblock u trust me,emotional_violence
ID_O9VP21C3,felix owns the club he plays for. After I got raped Charlie kept pushing me to be felixes sugar baby.,sexual_violence
ID_SYEB9LAX,"""She wasn't aware. Not until he humiliated me in public with his bullshit.. Then his ass was dumped and thrown out.""",emotional_violence
ID_LNPESMXF,Hello all I have just got home ...You know....yesterday I was fired from my job at the bank on my first day just because a woman asked me to check her balance!  So I pushed her over. :O   I hope you all had a good Weekend? xxx,economic_violence
ID_CK8MP1CX,"Wait... I just Googled this. The incident where he gave his daughters up to be raped instead of the angels happened before they raped him. If his daughters did rape him, seems to me he got what he deserved for handing them over to a mob of rapists to begin with.",sexual_violence
ID_4PD8OR0N,"It's ok that my husband beats me, it's ok that I may have to do halala, it's ok that my husband has 3 more wife,It's ok that I can't free myself from burka but I will free kashmir.     - Aasiya  Hahahahah😂😂  ",Physical_violence
ID_UZJQQ10Z,"Dear Brenden,  My name is Shagufa Habibi, into originally from Afghanistan, currently seeking asylum in Boston, MA. I was forced in to marriage when I was 16 and left home in 2015 to pursue education. Please share my story to help me end child marriage. ",Harmful_Traditional_practice
ID_HUX3J27N,"I was once classified as an ""acceptable loss"", {Not in a child marriage scenario!} I will stand and fight to save even one girl from an early or forced marriage.  Until you are are the one being thrown away that difference doesn't seem important.",Harmful_Traditional_practice
ID_PXL607DP,he absolutely raped me &amp; sent me straight to bed,sexual_violence
ID_ES8K68TC,Retardo only DM's me now bc he doesn't want to be humiliated in public again,emotional_violence
ID_HID5GL5N,"Can YoU believe It The Cop Killed the Dog on The Neighbors Property With John... and raped Me For Johns Daughter Then Sold Out an ""African American For It"" And He Can Burn In Hell With The Airport and the Hospital.... I Remember It Plain as Day.",sexual_violence
ID_3QBO9H5A,"Students at school made shirts saying “Free (Boy’s Name).” I was humiliated for the next few weeks in the hallways by people laughing and talking about me. A boy harassed me, I rejected him in public, he started a shooting threat targeting me, and yet I was the one “at fault.”",emotional_violence
ID_ECXRZQSK,"My husband beats me as if we are in boxing competition – Woman tells court: A trader, ...  ",Physical_violence
ID_67KOK52X,I know a fat guy that tried to slander me over a hoe that said he raped her.. I’m sure Jesus has a quote for shit like this,sexual_violence
ID_9VMP3S77,My sources are telling me Elizabeth Warren beats her husband and her dog!!! Run with this story MSM.,Physical_violence
ID_75NL1CUT,"My Sister’s Husband Beats, Rapes Me Every Night, Girl Narrates...  ",Physical_violence
ID_8OEY0GY7,he ain't gonna tweet me...I'm so lame...once again humiliated in public! LOL,emotional_violence
ID_WP475MBO,"Honestly if I'm in love with a guy and he wants to break up with me I rather he call or text it , I don't like being humiliated I'm public.",emotional_violence
ID_2Y3T24CP,*He takes a deep breathe and crosses his hands* I think you should take tome etiquette classes about how to address me and some other royals when we are out in public to prevent another incident like today. You humiliated me in front of my men and I wont let that happen again,emotional_violence
ID_1IW0DT7J,"Were you there when he allegedly raped her?  Did it justify being shot 7 times in the back? Oh I forgot, he's black and that justified the shooting. Silly me",sexual_violence
ID_VMSCOU7E,I swear my husband is sooo good to me. My beats were stolen last month and he came home today with new ones for me. I don’t care about materialistic things but the gesture is what I’m moved by. He does anything to make us happy. I’m one lucky girl ❤️,Physical_violence
ID_CSYK8NM6,can anyone ask why he blocked me I didn't get the memo I never insulted anyone   I don't understand this thing of public representatives blocking us who are they representing kant     this need a motion in parliament,emotional_violence
ID_GMDURS2F,"It’s just sensible HR. If you were a woman presenter who applied to Sky, then failed to get the job (or got it and were then sacked), you rightly go straight to a tribunal: “I was fired because of the sexism rife in the presenting team.” Open and shut.",economic_violence
ID_RP2VVLQK,w // female  genital mutilation  I just watched the solarsido about female genital mutilation and God it's so awful 😖 I can't believe that there are women who has to undergo such painful procedure. This needs to stop oh god,Harmful_Traditional_practice
ID_95JEMM79,"Hello sir,  the tweet was done by some writer, and it was rewritten by surya sir... And comming on to the Arab ladies matter, actually it's the matter on how the arab ladies face the FGM i.e female genital mutilation,  so the pain they undergo that was stated and nothing else",Harmful_Traditional_practice
ID_0R20LRD6,"As a woman that has worked in a much more male-dominated than she, I was thoroughly disgusted by her. Crying and whining because she got fired from an at-will job??? Her whining set women back just as CBF’s lies set us back. I’m ashamed too see women use their gender as a weapon.",economic_violence
ID_01ZF5UNW,i was just watching a segment on indias child marriage &amp; i cant help but feel so bad for these little girls getting forced to marry,Harmful_Traditional_practice
ID_N63UC0GK,"So tell me when the slaves were free, and why they had to fight for that in the first place? Because some White Man had a Dream about a manifest destiny so he could tote his fake religion while he raped, tortured, and killed the natives and slaves to get it? Oh, ok!",sexual_violence
ID_3D3VSN0V,"Fortunately, Mr. Simms didn't hit me, but he still humiliated me in public by telling me to apologize,",emotional_violence
ID_PIK3JJ7N,He humiliated his family. If you embarrass in me public you will receive the same damn fate.,emotional_violence
ID_85BUPR4S,Thanks for tagging me. This sad piece of shit deserves to be humiliated. He doesn't deserve to be in public.,emotional_violence
ID_W9L7DNZ7,Just a reminder that he RAPED a 14 year old. Tell me again why a pardon is warranted?,sexual_violence
ID_3GW0MGMR,"My husband beats me with planks, wires, threatens to kill me – 27-year-old woman: A 27-year-old mother of one,...  ",Physical_violence
ID_EROYVAF2,My husband is my husband. If he beats me then I move out! If not I will forgive every other thing he does and pray for him.,Physical_violence
ID_68NQHT3A,"Hi I can’t find your video on men who: 1. Force women to undergo Female Genital Mutilation, 2. Force their wives and daughters to wear a Burqa, 3. Kill their women for leaving the religion, 4. RAPE their wives because their Imam allows it, 5. Form RAPE Gangs",Harmful_Traditional_practice
ID_UEMKAJFU,😂😂😂I don't care how much I know you or love you when I propose we is not doing that in public or live anywhere hell no I love me too much to be humiliated like Duncan did by he girl.,emotional_violence
ID_L2PZHO33,"I didn’t realize I had been raped until two years after. I always got uncomfortable seeing a certain guy on campus. I told my therapist about our interactions, trying to figure out why I always felt sick when I saw him. She had to explain that what he did to me is considered rape",sexual_violence
ID_EJ6UML1V,Oo...he...insulted now When current pm slams opposition in USA on public...phele Desh ka.. government ASEA that wesea tha...ki..mujhe saram ATA tha ..boh toh..Desh ka..ijath bahre me badha he..,emotional_violence
ID_0K81TLHM,"Hi Jada, My name is Yaba, I was 15 when I was forced into female genital mutilation in Sierra Leone, West Africa.  I live in Long Beach for the past 33 years. I want to tell my story on Red Table Talk. My is 424-789-9153, my website is  ",Harmful_Traditional_practice
ID_4WLBZOQ4,"-This IS a fair question.  I have one that has always bothered me - has your father abused YOU sexually in a physical manner?  He surely has verbally sexually abused you in public, openly lusting at you.  He is a pervert.  Sad.  ",emotional_violence
ID_RNT8AMPD,Not diggin it when my husband beats me in jeopardy!  I'm calling bullshit!,Physical_violence
ID_MQDBGI1T,“What if he had taken me in public..?  I would have humiliated him.  I already humiliate him.”,emotional_violence
ID_A6WWYE4K,"To, Saritha pillai,The one who has caused confusion between you and me is Vishnu. He had led me to mislead people ,I don't know how but I inherited hisqualities Takeadvantage of thesituation and kicking people's buttWhich is why I said somuch bad words and got insulted in public",emotional_violence
ID_J7BR0ICM,"luckily her husband doesn't use twitter so I can say things like:  he's such a bad roommate because he's always making me drink his delicious homebrews, always joining in when we're making fun of my sister, and consistently beats me in mariokart.",Physical_violence
ID_WY0FETFS,"I once got fired because my female boss couldn’t stand having a me, younger woman, getting the attention of her usual male clients. As a cashier at her mini-market, I was only doing my job. She also didn’t pay on full my last check.",economic_violence
ID_UQC2QXMI,"Unless you were a woman in 1969-72, STFU. You have no idea. The pill. Read about the doses used then, the side effects. I was fired from a waitressing job because I could not control my nausea &amp; vomiting from the smell of the food trays. 6/",economic_violence
ID_FLU1VA0S,"My wife beats me at will, husband tells court - The Eagle Online  ",Physical_violence
ID_84DWXXAR,‘My boss fired me because I refused to have rough sex with him’ – Toy store worker   via,economic_violence
ID_M40DGTC2,"I honestly don't know. I've never tried it, but I suspect public humiliation might be a hard limit for me. But then... he DOES get to kiss your feet. If the only way you'd allow me to kiss your feet was to do it in public while you humiliated me... I honestly don't know!",emotional_violence
ID_2B5YEK76,My father won’t get “Me Too’d straight to jail” because he never raped anyone,sexual_violence
ID_S13G3ER9,"Had a relationship end because ""sure, your successes are my success, but it doesn't really work that way.""  Had another ex admit that he humiliated me in public because he hated how much smarter I was than him.   Men can be insecure. I was lucky to meet",emotional_violence
ID_9I9SBO39,"HEALTH: Women must undergo female genital mutilation to curb male 'sexual weakness', Egyptian MP says - The I...  ",Harmful_Traditional_practice
ID_IG50QLV3,"He raped me, would yell at me all the time, slammed my arm in the door, watched porn in front of me while I was crying because of him cheating on me etc... (I posted some of these things) &amp; they said I’m abusive for posting what he did. To this day I feel like maybe they were4/?",sexual_violence
ID_QO4GX1DP,"Yeah, now it's, ""oh honey your husband beats you? Let me change the frame about my FB to raise awareness about domestic violence, okay?""",Physical_violence
ID_ABRPLFAX,"I thought so too but the cynic in me figured that Dominic would have that all mitigated with some devious plan... last night, the way he announced it and how he blamed the public, he insulted a LOT of people",emotional_violence
ID_GTJMF07Y,"I said LIVE cock jerker you beach. As on set. on live TV. He's a walking pervet. I don't get all weee because I got kicked out and humiliated by Trump in public. You don't know nothing about me, stop pushing mistep narratives.  Now get the flock out. All of it.   ",emotional_violence
ID_H9YA59R6,My ex publicly stated he was a feminist on multiple occasions but he still verbally and psychologically abused me in private. What people say in public doesn’t inform what they say behind closed doors.,emotional_violence
ID_8NPPUPAH,"On the way back to camp, I found a dildo at a bus stop. I picked it up and planted it in someone's suitcase. On the way to the job, he tried to jumpscare me on the ferry. He was showing off. When we got to customs, they pulled it out of his suitcase, in public. I humiliated him.",emotional_violence
ID_JOBIFWH2,he still smarts from being humiliated by Trump in public during that interview which explains his stands against Trump now to me,emotional_violence
ID_IFLOTI3M,"He was not charged with rape because there wasn't ""enough"" evidence.  He was released 5 years later and raped and murdered a holocaust survivor.  He didn't get the death penalty because of 1 person.  I know his intentions were to kill me.",sexual_violence
ID_05627V5H,"Got stood up once, humiliated in a public way. Next day he apologized, had concert tickets (can't remember what band) asked me to go. I waited until hour before concert, ""Sorry, I have to work"" He burst out laughing, &amp; knew I got him back. It felt good! Never saw him again.",emotional_violence
ID_X1BA1M3R,I recall being fired from a job because I was “moody”. Black woman who was robbed at gunpoint came to work and then fired for being moody. I’ll be an entrepreneur until tje day I die.,economic_violence
ID_RQOEGWJO,"Not fired, but I left an au pair job early because I was too homesick and because although I'd been assured that housework wouldn't be part of my job, the father kept asking me to do the ironing because ""it's really a woman's job."" 😳",economic_violence
ID_FZUGYIAE,Unless my husband beats me to it.  He worries about my bp spiking.,Physical_violence
ID_MCA6BKYF,"""I hope my husband beats me. A little excitement in the marriage."" - Autumn",Physical_violence
ID_NQDV5MNN,Am I the only one that supports a day were women undergo female genital mutilation to support muslim girls who had no choice in the matter... Wear a Hijab Day Backfires When Women Forced to Wear Them TWEET  ,Harmful_Traditional_practice
ID_37JKPDN3,glad to know that its my fault if my husband cheats or beats me. I musta disrespected stupid ass.,Physical_violence
ID_H6H0DJ7J,"Nothing beats a 4 hour conversation with my best friend!!! She NEVER changed on me &amp; gives me great sound advice! Aside from my husband, she knows ME...ALL OF ME &amp; she doesn’t think I’m crazy! ❤️",Physical_violence
ID_OZ67E8HW,"South Sudan should increase efforts to protect girls from child marriage. ,'' I was Forced to marry , to have food:  ",Harmful_Traditional_practice
ID_01N1ZAXZ,"Is that coked up asshole Steve Corn still working there? He cost you guys your two best original salespeople and insulted me in public high on coke. I sold contracts 4 U guys over the Internet in the late 90's , GA's with Universal &amp; DreamWorks etc. 2 B throw 2 the dogs  ",emotional_violence
ID_A6B2UIA7,"About 3AM, I heard heavy breathing and awoke to find that I was NOT alone. It was a UFO alien, and she used telepathy to convey her salacious intent to me.  (Is this tale less believable than the CU student who claims he was raped by a police officer in plain view of a crowd?)",sexual_violence
ID_TLK1TQIH,"A while ago, you were trying to make me believe Trump's a foreign policy success, weren't you? That's not going so well.  Erdogan still humiliated Trump in public last week.  His lieutenants are still making corrupt side deals all around the world.  He's still a failure/crook.",emotional_violence
ID_JAHSETZ6,First of all you insulted me secondly the President isn't above or below the law.Since when does a prosecutor make public evidence unless he is gonna indict someone? What you want to do is find anything to keep the hoax going and hope you win in 2020!,emotional_violence
ID_CJG3STU3,"Last week (2nd week on the job): I kinda got this guy fired. I say kinda because I spoke up and then he showed out.  He worked security, which means he was supposed to be patrolling the grounds. I was working with an attractive woman, so it wasn’t hard to figure out 🧵1/8",economic_violence
ID_JF4XSJXN,We stand against FGM on International Day of Zero Tolerance for Female Genital Mutilation. This morning I learned a shocking statistic: every two hours a woman in the UK will undergo FGM.…  ,Harmful_Traditional_practice
ID_TOFATNLX,It’s so obvious to me having grown up with a npd parent. It is frustrating to see the media and the public keep hoping for trump to have some great epiphany. He must be irreversibly humiliated &amp; made weak in the beady eyes of his magats.,emotional_violence
ID_LZ1DZDEE,made it public during our session at ASE when he humiliated me in front of 40 people....,emotional_violence
ID_ZJUTE7H2,..I got raped at 16 and they told me they couldn't arrest him because he didnt speak English. They just don't give a shit.,sexual_violence
ID_5OHEXGQQ,My Husband Beats Me 6 💀💀💀  ,Physical_violence
ID_FVF8KLE3,"I started having serious problems with the concept of cultural relativity when I was told not to judge practices like female genital mutilation, infanticide, or forced child marriages through my Western cultural perspective.",Harmful_Traditional_practice
ID_7WIOUTX7,"Was stalked by this ""other woman"" who came by my job a few times a week to fight me because I was pregnant... Was almost fired.",economic_violence
ID_6UI7N0GR,"Istg it purely disgust me how some(many) of y'all still support him after he raped a girl, like okay bich have you ever asked that girl how many nights she spent crying? Do you even know if she's alive or not? No right, then can y'all shut your mouth and stop with all these",sexual_violence
ID_8HOYI4VK,Dutch only arrested the knife yielding white man who raped me after 2 YEARS while they knew who he was/had a confession on video. I don't think they would've waited that long with arresting him if he had been brown or black. 'Just' saying.,sexual_violence
ID_S2K6QW66,Honestly... me too.... i actualky heard : «.... bla bla bla....parents » lol... but who gives a shit.... he shouldn’t have humiliated her like that in public.,emotional_violence
ID_LRB41U7Q,Yesterday I was listening to a “Dear Prudence” podcast where a couple got a female dog sitter fired from her job because they caught the woman walking around and falling asleep on the couch naked after taking a shower..,economic_violence
ID_ZIX0ABJR,I can’t have nothing. I got me some Beats Solo3 because why not and now my husband salty I ain’t pick him up some. He done have hella gaming headphones. I deserve!,Physical_violence
ID_BFEK1QSU,I worked for an owner of the company once that lived for public humiliation.  He put me in charge of the remodel project (I was a  20-year old sys admin) then humiliated me in front of everyone for not negotiating with the general contractor.,emotional_violence
ID_ULFZ9YHQ,my husband beats me and talks to me like shit,Physical_violence
ID_NEJQ2E88,Worst ever for me was getting officially off 90 day probation along with a glowing review and promotion on Dec 19th only to be fired the next day because the owner thought I was hooking up with the woman in Marketing whom he wanted to date his son. First job after the Army too.,economic_violence
ID_VIOT9YRU,You had. But not rough. ‘My boss fired me because I refused to have rough sex with him’ – Toy store worker  ,economic_violence
ID_9QZKSFWS,"Gone r d days where after Breakups, u ll hear things like 2 seconds man or small generator. But now, d new format is He raped me, it felt like rape, Nonphysical sexual assault. Now we have lost a soul all tanks to clout chasing. U ll die a shameful death.",sexual_violence
ID_UG51FWCJ,"belittled me cus i was a woman and he thought i couldn’t do my job because i wasn’t a man. he won because i walked away, but that asshole got fired a month later. so i technically won. it all worked out in the end because now i’m at a better paying job, i feel comfortable &amp; safe.",economic_violence
ID_YPMVI2SC,hanner52 and please! I have to beat my husband before he beats me!,Physical_violence
ID_1CG249I8,"""You're not going to stop me, are you?"" ""No. People are allowed to have their own opinions... but he insulted a friend in public. Take him down, but mind the others.""",emotional_violence
ID_J53NZN50,"Even my ex cant understand me. All he knows was whenever i expressed myself here, it means I humiliated him in public which i understand that he’s just another typical Malay guy.",emotional_violence
ID_8LY63GHM,"I been fired from a job because of my ""aggression"". Not a single write up ever, not a single complaint from members or staff, but because I didn't take shit from the older black woman at the job and our shitty white manager, I was labeled a threat. We aren't allowed to be human",economic_violence
ID_C5NRB3MM,"I was referring to stuff like rape, DV, prostitution(women are overrepresented), pornography, FGM, child marriage, forced marriage, honor killing, war time sexual violence, disproportionate domestic labour being put on women. Do not downplay these serious matter. Be an ally.",Harmful_Traditional_practice
ID_TWPVBZX3,"Beats me. My guess is, since this took place in rural, repressed &amp; deeply Catholic Bavaria decades ago, it probably was seen as the woman's responsibility if the husband got ""too rowdy"" during sex, rather than it being sth he needed to fix about himself.",Physical_violence
ID_9OPTRF73,I helped Sen Jim Short become ass federal treasurer wrote his speaches modeled the CEP program he was gunna help me till the Lord Chancelor of England threatened him and then he put INTERPOL on me  We had discovered a judged raped his housekeeper  Its called rocking the boat  ,sexual_violence
ID_2B6ER14S,"This guy berated me, insulted me in public and in private. He even threatened my family in an anonymous email I had traced to his IP addy.",emotional_violence
ID_SE1LI22V,"I was told in the 70s that I didn’t get the job because upper management mandated that they hire a woman. The woman who was hired was fired 3 months later, incompetent. They actually asked me to “apply” again and go through the whole interview process again. LOL",economic_violence
ID_4FFPRSJR,And he raped me “aquatic rape”😂😂😂,sexual_violence
ID_SFIFX1HM,"It happened to me in Canada. I'm white, North American, Jewish and Christian background. I was forced into child prostitution when I was a toddler. At about nine or ten, they did botched FGM to me and took photos for porn.",Harmful_Traditional_practice
ID_43EJH1J5,I was one of those who tried to call that buffoon to order but he decided to insult me. I insulted the bastard till blocked me. There should be limits to stupidity expecially in public,emotional_violence
ID_VUK888QY,of who? please give me some evidence of anyone he’s raped? not of being creepy and touchy feely but of actual rape. i genuinely want to know because i would never ever support rape.,sexual_violence
ID_UGE930NW,My ex was extremely christian. Was constantly defending the church. He confessed to me one day that he was raped by a priest in DR and then another priest tried to molest him again at a church here in Miami. I was appalled that he would even go back to church after all that.,sexual_violence
ID_2PSQRJXD,"This week, I was contacted by a woman whose husband was fired from his job because of BDSM. I sent her to the NCSF and they helped.  I'm running a fundraiser for the NCSF on Facebook right now. Please consider contributing.       ",economic_violence
ID_BUXUY4B3,"Wtf ""My Wife Beats Me Everyday"" - Husband Tells Court   via",Physical_violence
ID_QO6GF661,"I've never gone through FGM, was never a child bride, never committed infanticide, nor a forced pregnancy... I was born a biological woman, but today I'm throwing my hat in and identifying as a transwoman because I don't need this dumbasses requirements to be considered a woman",Harmful_Traditional_practice
ID_D8XVJK93,'My husband beats me when he is at the peak of his love for me'. Women proud to come from long line of wife beaters   ,Physical_violence
ID_1WASJHVD,"It’s my Husband’s 23rd Birthday today, and his idea of relaxing is washing the dishes...I mean, I’m not complaining, but I think he beats me out for best wife. 😂❤️ We’re going to the movies later to celebrate~  ",Physical_violence
ID_S5GAH7X2,"In 2000, Aiyar was involved in a public brawl. Aiyar insulted Singh's then party leader Mulayam Singh Yadav ""Oh that bloody Mulayam – he looks just like me. It could be because my father visited Uttar Pradesh at some point. Why don't you check with Mulayam's mother?""...QED",emotional_violence
ID_NA3IX5B4,"Sorry sir your not a woman !! walk a mile in our shoes, I was fired from a job because i told my boss,that why we keep it to ourselves  ",economic_violence
ID_EDFOTSWI,"""If he raped Jason only 2 things will happen, they force him to marry me for honor or I make him marry me based on strategy, how clever you are Dick""",sexual_violence
ID_7SPNI1VC,tw // rape something about my ex having a wedding shower in the same porch he raped me in just don’t sit right with me,sexual_violence
ID_4O3NNY9G,"I got fired at 39 weeks pregnant. When I was offered my job back after a couple months away (you know, while I was giving birth et al) I declined because I didn’t want to work with a company that treated me so poorly. Now during job interviews I can’t say all of this because (1/2",economic_violence
ID_XY64T9JY,You kidding me? That dude couldn’t effectively protect his wife when DJT insulted her. is a damned cur. The POS POTUS gelded him in public and he begged for a second helping. What a coward.,emotional_violence
ID_CBHTNX0Q,"I wonder how all those feminists would feel, if they had to undergo female genital mutilation because of Sharia?  ",Harmful_Traditional_practice
ID_64LJBUI2,"There’s a chapter of the Archaeological Society of Virginia named for one of them. The ASV still reveres him publicly, although I remember archaeologists apologizing for his behavior when he once insulted me in public.",emotional_violence
ID_FX3KPUGI,I was a solder and we were at war a kid camr up to us and said can he have some food? I sead sure but you need to rap first. He said ok and started raping he raped so good I started to cry i gave him the entire truck full of food. This was me in serbia  ,sexual_violence
ID_054TPAOF,Very proud my husband &amp; blue watch BBC One show as CC Clincian he beats me any day  ,Physical_violence
ID_C57623ID,"I love it when my husband beats me – Woman reveals, Newscastars -    ",Physical_violence
ID_YRYGB0B7,"Gotta admit I still occasionally think about what I would do if I ran into the guy who raped me when I was 13. I am not that girl anymore, he would find I am full of strength and fury. It would not go well for him.",sexual_violence
ID_QY15AFUY,"first I was tricked and letting down thought it a blessing, then when I answered, it got ugly...he solicited me. For the ""innies"" (said: in- eaze) it was a public spectacle in which he sexually humiliated me on the network endangeting me and my sister Candy's lives. I immediately",emotional_violence
ID_7WDX7G0Z,"“My wife beats me at will,” husband tells court     ",Physical_violence
ID_5GYJ12MB,I’ve had young gentleman’s to go for a hug or a handshake ... your son waved at me and puts his hand and his chest who the fuck does he think he is ... me : Not trying to get humiliated in public Lmfaoooo,emotional_violence
ID_TAKOCT46,Oh yes! I was definitely fired for actually doing my job the right way and because I was a woman and stood up for myself when the men tried to tell me to do unethically.,economic_violence
ID_G3GU0N6V,This kid on fortnite told me to get raped and that he was going to fuck my grandma....im concerned for these kids,sexual_violence
ID_LTFPBZD4,"It's toxic for society because it starts to assign guilt for ""isms"" that weren't actually a factor.  ""I didn't get that job cause I'm a woman"" ""I was fired because I'm black"" ""That policy exists because of racism""  That's a paralyzing way to view situations without evidence.",economic_violence
ID_NEWUKVC3,So much power. When he headlocks me in those pits and laughs at me I feel so humiliated. He loves bullying me in public. A real man. I’ve never smelled sweatier socks ever.  ,emotional_violence
ID_Q20T59MG,"Nah fuck that respect shit. Mfkas kill me when they don’t believe women or want to question women, as if they have to lie about shit like getting shot, abused, or raped. I understand that people do lie about stuff like that but that’s rarely. But for men it’s “ he didn’t do that”",sexual_violence
ID_6Z8JVNV4,"My husband beats me for not bearing male child, wife tells court -   ",Physical_violence
ID_SHT9CX5S,"“I will fight for the rights of girls, so that they do not undergo female genital mutilation (FGM).” — Tabitha, a 15-year-old student in Kenya  and join the movement to      ",Harmful_Traditional_practice
ID_N0NKO7W7,"""Its worse elsewhere"" is not a defense to ""I am being mistreated""  ""My husband beats me"" ""Some kill their wives"" ",Physical_violence
ID_KCRWL3UI,Looks to me like rapist Bill O'LIElly is trying to be relevant!  Maybe Billie feels like when he payed someone off after he raped them it makes him feel like he's untouchable? NOT SO BILLIE ! Nobody pays $32m for false allegations!,sexual_violence
ID_WU5JNVSU,“Baby...”   Zuriel is gentle when taking Mo’s face between his hands. His fingers keep the same tenderness as they move across his husband’s features.   “I love you. My heart beats for you. There is /nothing/ that can stop me from loving you. This... this would just solidify »,Physical_violence
ID_PK7TH0SV,"Ugh, same! My husband’s been playing “binaural” beats that are supposed to help me sleep &amp; instead it sounds like there’s a distant rave happening. That sucks that you’re struggling to sleep 😕 Hopefully it doesn’t last. Why do elephants only need 2-4 hours, but I need 6-8?!",Physical_violence
ID_8U0KH3SL,Aww that's really nice Marcus. I'm almost always up earlier than my husband do I'm generally the tea maker. I can't tell you how wonderful it is when he beats me up and brings me a cuppa in bed.,Physical_violence
ID_1155N7VG,"This berima nyansani video reminds me of my cousin's traditional marriage. The Osofo Maame said ""as a woman, when your husband cheats on you or beats you, wear your sexiest lingerie and give him an amazing night""....",Physical_violence
ID_MCAYNDG9,"Chad just messaged me privately to tell me he doesn’t know Mr “I think she likes you”  me: Say so. In public, in the place where I was insulted.   Come the fuck ON, dudes, tell other men shit is not OK.",emotional_violence
ID_BB490G9D,"and I said ""you raped me"" and the only thing he wanted was to kill me and disappear, because I didn't even see that I could continue to feel like this, feeling raped  ",sexual_violence
ID_BDBTG6B7,Ada apaaann??RT 'He' YELLED me infront of PUBLIC+HUMILIATED me when I was only 20 MINS LATE in ...  ,emotional_violence
ID_MAAWVLM0,Why this CHOMO hasn’t been thrown under a jail yet is a mystery to me. He should stick to what he’s best at - masturbating while boys are being raped in his shower.,sexual_violence
ID_GUZNLC29, I guess that's like mothers who hold their daughters while they r forced to undergo FGM. Too imbued to get out of the rut.,Harmful_Traditional_practice
ID_EQWA2F63,"3 years ago today, my boyfriends girlfriend dragged me to a public work party and humiliated me in front of everyone we work with and told me that they were together before he even started dating me.. he then stood there silently and I preceded to destroy my own life for the",emotional_violence
ID_ZX347VRL,"A bus driver today told me he stopped in at his local shop on the way home from work, wearing his uniform. A member of the public approached the bloke and verbally abused him.   This is the hate being unleashed on Transport Canberra frontline staff for major planning failures.",emotional_violence
ID_83NK71NL,"was in a public transport and the men of the SAS order me to come down, he delayed me,abused me verbally and still tried 2extort",emotional_violence
ID_1BH61I6S,"I lobbied for my current job for months since November , only told mom because that woman can PRAYYYY .January my previous boss asked me “ubuya nini” I just didn’t wanna go anywhere. I risked being fired, “mama thandaza” the Sunday when I was supposed to leave, I got the call",economic_violence
ID_23XMCNYH,"Just overheard my other roommate telling my rapist ""you're just feeling what's going on too much. I feel you, brotha."" ok so he told you that I'm moving out asap and that I won't talk to him but did he tell you all of that is because he raped me? Of course not. Fuck off.",sexual_violence
ID_E65VXM7R,"my parents were faithful to their culture and didn't want me to shame them. Over and over again, in front of my kids, in public and in private, he hit me, dragged me by the hair and humiliated me, until my parent's passing, I had the courage to leave.",emotional_violence
ID_F67IVPO4,"Islamist group orders women aged 11 - 46 in Mosul, to undergo female genital mutilation    I feel sick",Harmful_Traditional_practice
ID_NE9YFC9P,"I told an adult male in my online public speaking class that he insulted people with autism, he likely didn’t mean to and gave him a polite suggestion for an alternative use of language. My male professor is upset with me.   I’ll never get into but I always choose good.",emotional_violence
ID_0LY5OVXF,"Oh, yes, then there was the third man - a Capuchin: he was dead, &amp; the forth, a Freedom from Hunger worker who raped me: I was so traumatised I couldn't remember his name &amp; my youth group leader said: ""No matter how many time we (I) 'fall', Jesus will always forgive us"". So ....",sexual_violence
ID_TRTUYPZG,Bitch and its true queue trevor joke queue one joke queue phoenominal dance sensation joke queue grindr joke michael im gonna need your psychosis report for that the talking pictures with the mind things oh wait youre not my friends and you raped me too? Ao you said to him and he,sexual_violence
ID_GX9255YW,Call Obama I Was Fired from My Job Because I Voted for – Woman Says: An Ohio woman has filed a…,economic_violence
ID_UT064QOL,My Husband Beats Me Daily | Urdu Globally:   via,Physical_violence
ID_Y7PVUNUU,But I was lucky enough to have two jobs because people see me as an intelligent young white woman. I was privileged to have only gone a month before requesting time off. And lucky to be considered deserving of that request. BIPOC could get fired for the same thing.,economic_violence
ID_A4HG30NQ,"But it was also beyond fucked up that he raped two of us (that i know of) and still had the fucking balls to show up and practice with us. Makes me sick to my stomach to think about it, especially because for my team boys and girls practiced together. Full contact.",sexual_violence
ID_R1LCQARH,My arms and chest has bruise on them and it looks like my husband beats me but it’s really my two huskies when they get too excited and jumps all over me 😐,Physical_violence
ID_LEXS6VVZ,So you don't think asking me if my husband beats me with a stick is offensive?,Physical_violence
ID_YAMPLDK4,Oliver sounds like he's vying for public admiration by 'standing up for women who have been abused' to me. That isn't to diminish the seriousness in ANY WAY of those who really have been abused - or even just humiliated by male inuendos.,emotional_violence
ID_XPVQPDKN,"That sounds like Cruz.  After he rolled over for a guy who slandered his dad and insulted his wife's appearance, you knew he was only there to keep his face in the public eye and not for any substance.  Dude's despicable, but not standing up for his wife makes me angriest.",emotional_violence
ID_39VDNJZ0,"I was fired from a place of employment because the male cooks in the back had seniority over me.  This was after complaining that they asked ""we want blow job.  We have never had a white woman before."". Then slid and shook a sautee pan between my legs.. I need a lawyer.",economic_violence
ID_JQBT7QC8,If My Husband Beats Me? ‘Your View’ Ladies Speak!  ,Physical_violence
ID_G8J5LXS4,‘My boss fired me because I refused to have rough sex with him’ – Toy store worker: This was one bad Santa. The ...  ,economic_violence
ID_5XWHL9N0,"""I ain't jerking off in public! I'm not /that/ desperate, you know."" He folds his arms and pouts a little, feeling a bit insulted she'd think he'd do it.  ""What's me looking the way I do gotta do with anything, anyway?""",emotional_violence
ID_NL01OWIS,"Some BBC loving white kid threatened to rape me into submission... To be a rapist when i asked my Alexa app to ask samuel jackson the weather and he swore. The kid said I'd be raped again by them, the mormons.",sexual_violence
ID_IC8XELQW,"It makes me sad to see such an old man Sibhat Naga, without forgetting all his evil deeds just like some who are still in power or at the comfort of their peaceful public life, to be paraded and humiliated like that. He seemed to keep a low profile the last few years and even",emotional_violence
ID_GL2VKCAU,So u had tidy sex b4? RT [YNaija]  ‘My boss fired me because I refused to have ...  ,economic_violence
ID_TLB6V4DV,"RT UNFPA ""“I will fight for the rights of girls, so that they do not undergo female genital mutilation (FGM).” — Tabitha, a 15-year-old student in Kenya  and join the movement to     WilliamsRuto UNFPA…  ",Harmful_Traditional_practice
ID_RUR4A0H7,"I am a Poor Black Woman from America. In America, I was a Teacher. I was fired from my job because I reported the violent sexual assault of two of my students by a White Male coworker. Did I answer your question?",economic_violence
ID_IO0Z34H2,"""He put me in a situation I didn't belong in? And he cheated on me?...And I've been humiliated in public.""",emotional_violence
ID_O2KTUHT2,I'd stab my bf if he ever humiliated me like that in public,emotional_violence
ID_HB0KM0IX,TYVM Love I'm so thankful u r speaking out against &amp; standing for abused women who undergo Female Genital Mutilation etc,Harmful_Traditional_practice
ID_HSEXCFOF,my female boss fired me because i refused to have sex with her,economic_violence
ID_YVM73BPX,"He's a product of a generation where this behavior was commonplace. I grew up in the same generation. I've had men kiss and pat and grab me my entire life. I've also been raped. His behavior, while inappropriate, is in no way criminal from what I can tell from these claims.",sexual_violence
ID_ZNVY5JJ5,I Was Fired from My Job Because I Voted for Obama – Woman Says:   ,economic_violence
ID_74FRZBNX,My husband beats me like a boxer — woman cries out to court  ,Physical_violence
ID_FS8ELG8C,“My husband beats me for giving birth to five girls” – Punch Newspapers  ,Physical_violence
ID_BFXYEPRW,"Thinking about how Elisabeth Warren was questioned about being fired as teacher because she was pregnant.  I once got in ""a little trouble"" because I hired a woman who was pregnant. My boss asked why, I was like, ""She's qualified, and obviously she needs a job.""",economic_violence
ID_GV5QKHZO,"He wouldn't physically hurt me but it was enough to be scared around him. He would throw things and punch the walls of MY room and would yell at me in public. I was 18, young, naive and humiliated. Yet again,he everytime he'd do this he would apologize +",emotional_violence
ID_U53RYT6M,"2 weeks ago, I met to interview him on Clinton Emails, Huma Abedin &amp; SWATtings. He humiliated me in public &amp; lied to my face.",emotional_violence
ID_B9OHQI8G,This shit makes me so fucking angry I don't even understand how people can be so cruel. His phone is probably one of the few things this guy has in order to have some independence and they carelessly damaged it. On top of that he was humiliated in public... 💔💔💔,emotional_violence
ID_VB7XTG9R,"I could write a book on it Patriarchy is society structure where men hold political, economic power and social privilege In my society, girls are married off at 15, disinherited, killed for rejecting men, shamed for late marriage, undergo Female genital mutilation....",Harmful_Traditional_practice
ID_A6CUB0GK,I saw the guys who raped me cause SAPS is not doing a thing last week I saw a guy who raped me on the SAPS FB they amongst people who escaped from prison I called the Detective but till today he’s not responding to my calls not even returning my calls,sexual_violence
ID_CGVERMKD,False. Pir Mehr Ali Shah only tried to deceive you &amp; the public. He was humiliated when challenged in a tafsir contest &amp; was caught for plagiarism. The Promised Messiah (as) was the greatest debater of his time. Your own scholars testified to this. So don't make me laugh.  ,emotional_violence
ID_RO1DAT8N,"I came here because I don't know who to talk to, idk what to feel but my stepdad publicly humiliated me, exposing me to the public in whatsapp status that I am gay and that incident where I was sexually harrased in uitm, he said i liked it. Idk what to feel anymore..",emotional_violence
ID_F72JC549,"Company I worked for, the owner's wife was Danish. She told my boss, who was a Black woman, that she wanted me fired because I was ""too militant and too black!"" Kept my job and got a promotion!",economic_violence
ID_O5MLVMRY,"Forgot to mention the guy who raped me was my boss. Not my immediate boss. The Big Boss. He was/is the owner of, well a lot, worldwide. I was just about as low as you could go in that hierarchy, there may have been one rung below me. I left everything behind and fled.",sexual_violence
ID_GK827K7K,"In my first job I worked on the UK Female Genital Mutilation Bill which became law, making it illegal to take girls abroad to undergo FGM. Every woman and girl should feel safe from this grotesque practice and I’m proud of the UK’s work to",Harmful_Traditional_practice
ID_0JQYBZEE,"All the best for Beto. That coward, who allows his wife to be humiliated in public, deserves to lose. Cruz cracks me up when he attempts to appear like a statesman, while giving a speech. Hilarious.",emotional_violence
ID_U8IBMNSK,He brings no shame to me. I'm fine with what he said. Because trump has court documents saying he and Epstein raped a female minor. So who is bringing shame?,sexual_violence
ID_BA4OBGT2,Sorry My Heart Only Beats For My Freaking Awesome Husband Flirt With Me Shirt    ,Physical_violence
ID_O6VILZRU,"Haha what a joke, when Trump allegedly raped a woman in a department store, paid off a pornstar whom he had sex with to keep quiet and let’s not forget, thinks it’s great to grab women  by the pu**y! Give me a break.....anyone is better than Trump.",sexual_violence
ID_7ZXER9U5,"It's nice he's leaving, but it's not a firing.   This is what angers me about comics, about entertainment, all of it. Women voices don't matter. If a Woman at DC speaks up and says ""This successful writer raped me"" they'll fire her.",sexual_violence
ID_4291W0AT,‘My husband beats me up anytime he likes’ – Wife tells court  ,Physical_violence
ID_B1LL8NO0,"I feel really low, my dad is really getting on my last nerves. My health isn’t so good right now and it’s pissing him off, he coudnt handle the burden of taking me to the hospital the last few days so he kept taking his anger out on me, made me cry in public and humiliated me.",emotional_violence
ID_FI1QM72E,As a young man I went to the circus. There was a clown. He had water balloons. I didn't laugh. He humiliated me in public for not laughing. After his act I followed him to his trailer.  ,emotional_violence
ID_9H6DI4WY,He did that stuff since 2015!Jesus Christ.Is it me or is it that he gets really depressed and angry when one them that he likes the most ends up betraying him and he starts threatening to leak their nudes in public to make them look humiliated.,emotional_violence
ID_5O5IZU0C,"What about their lives and their innocence? He doesn't seemed to realize his voice has power. It makes me so upset that he cares more about clothes and ""drip"" more then his life. So until he gets it and I can go out without fear of being shot, raped or murdered, I won't be silent",sexual_violence
ID_V4PTPBDL,Me: I'm gonna finish it the way Revali would've wanted : who's Revali? Me: My fucking husband *beats final boss of BotW*,Physical_violence
ID_E9W7W2WQ,Think god Allah bless I’m great still I’m alone by myself cuz I hit big fat lick atfer a nigga get raped atfer he snitching on me Atfer he broke asf cuz I take yo money and I mfs gooo,sexual_violence
ID_1ETBKS3C,Just saw a Snapchat of a girl from osu who went as a abused wife for Halloween with the caption “my husband beats me” deleting Snapchat now,Physical_violence
ID_WDQX11MU,"Quote: “My family arranged my marriage when I was 19 to a stranger who turned out to be violent. People think well forced marriage, child marriage, this doesn’t happen in Brooklyn. This...  ",Harmful_Traditional_practice
ID_ZWFC3LF2,"1. I care what he does related to work, don’t care about his private life. 2. Those payments are literally in the public domain, I was being charitable but they are facts. 3. This makes no sense.  I’ve answered your questions, I haven’t insulted you. Do me the same courtesy.",emotional_violence
ID_BISIOFO4,"Home is one of the places I was raped by my then husband 10 days after the birth of my first child, he then announced I felt gross &amp; left me I was too busy dealing with an infection and caring for newborn &amp; police think a husband can’t rape his wife cause apparently they own us.",sexual_violence
ID_41B8TBS4,"I am responsible for my husband's upkeep, yet he beats me - estranged wife tells court    ",Physical_violence
ID_9PELGYNW,"“The cutters have been knocking on doors, including mine, asking if there are young girls they can cut. I was so shocked."" During pandemics more girls and younger girls are readied for marriage by forced FGM.  ",Harmful_Traditional_practice
ID_PJG7JYR5,His comment made me cry when I discussed it with a very brave man who was raped whilst in care as a little boy.  disgusts me and he hasn't even got the balls to apologise to thousands of CSA survivors he insulted.  Shame on him.  ,sexual_violence
ID_E6YVVW0W,"Pretty much the same, have had three full time jobs  (over 20 years), excelled at all of them and was paid less because I was a woman and at the last one was fired because I was a lesbian. I never imagined I could be fired because I was a lesbian. But it happened.",economic_violence
ID_R4X9NMYS,"I’m disgusted to see that has been verbally abused in public. A guy that is genuinely trying to help us fight this pandemic treated like this is appalling. I hope he is dealt with, with the full force of the law. Take it from me, you are doing a fine job! 👍🏼👍🏼",emotional_violence
ID_OXG0XKB3,No he left when I was 5. When he was still with me.. he basically humiliated me by um.. long story short he forced me to piss myself in public a few times,emotional_violence
ID_JT9TV9V2,"Proverbs&gt; Throne Ran In My Foot ""Mere Pair Mai Kanta LaGa Hai. He Has Humiliated Me In the Public ""Is Ne MuJhe Sar e Aam BeizaT Kya He.",emotional_violence
ID_4ITDKEAV,text my husband that “I want some pizza” he texts me back saying “I’ll buy you some pizza if you get this for me” ($130 beats pill on sale at Walmart) 👀 I’m just looking at my phone like wth kind of deal is this my pizza a few dollars😂,Physical_violence
ID_3X6E51Z5,Richard Jefferson just destroyed Stephen A on You can tell because when Stephen A start talking tough it’s because he just got slapped in public. Let me take the gloves off means you just came on my show and humiliated me🤦‍♂️,emotional_violence
ID_ORNYTU2G,"I was thinking someone is going to end up getting that woman fired from her job because ""they"" don't think she dressed appropriately 🙄😒",economic_violence
ID_EY2MSIEO,hello this is levi hes my husband and he beats me up sometimes,Physical_violence
ID_9EQHK8LZ,My Wife Beats Me At Will -Husband by News Across -    ,Physical_violence
ID_GDP06EAQ,"Welcome To Chitoo's Diary.: A WOMAN TELLS LAGOS COURT ,MY HUSBAND BEATS ME AS IF WE ARE IN...  ",Physical_violence
ID_PNTBXKM1,"This is sickening.  ""I was forced to marry for my dad's debt""  Child marriage is a huge issue in just like child fighters/soldiers.",Harmful_Traditional_practice
ID_ELCYE2T4,I wish I was a petty soul because I most certainly want to get this woman fired from her job😈,economic_violence
ID_NP4I27CG,"I was explaining that there are subtle differences of opinions on the issue of child marriage,a few of which might seem like favoring ""forced"" marriages. But,your problem is that you reduce entire discourse to that particular ""controversial"" opinion.",Harmful_Traditional_practice
ID_E3518ZTO,"...""He has humiliated me in public. What a shame!""",emotional_violence
ID_TVT33V9K,why would me fucking my ex have anything to do with how emotional i was? lol i was emotional bc i was in love with him &amp; he broke my heart. i could continue but i really don’t want a lot of this public. i was already humiliated enough.,emotional_violence
ID_PJWWX9RW,"I was raped at 13 by a boy who i grew up with at his sisters sleepover, the next morning after i had cried myself to sleep, he woke up and walked past me with the biggest smile ever ... rapists do not care and will act as though nothing ever happened. making you believe the same",sexual_violence
ID_FQQC8Y2T,"Mexican wife's be like, my husband beats me and is cheating on me but I can't leave him because he pays my bills😡👊💢😂",Physical_violence
ID_C2EN7A37,Him out of house that we sured because I feared for my life with him insulted me in public by hitting me and he abused me 2,emotional_violence
ID_CJT7FDA0,crayola should come out with some new colors. suspicious cold sore red” my husband beats me blue?,Physical_violence
ID_R3A91PDT,New Post:  ‘My boss fired me because I refused to have rough sex with him’ – Toy store worker  ,economic_violence
ID_UCVCFNGS,GOSH it's not even the biggest beef I have with my rector He gaslit somebody in public and humiliated me in front of mechatronics student and I can't even say shit bc he's the rector who can I whine to,emotional_violence
ID_0IZWYNC3,I’ve never felt so humiliated I would have never gone off at him in public like he did and he goes and tells me that it’s because he was tired of driving? So what did I do wrong? What have him the right to embarrass me in public?,emotional_violence
ID_CBKNNXII,"Our women: WHY WE NEED AURAT MARCH LISTEN TO YOUR HUSBAND!!  Also our women: My husband is very loving but he beats me. Also, he cheats on me and cusses. But he’s so wonderful naa! ",Physical_violence
ID_5JR1CE6G,I should have known the relationship was toxic when he yelled at me in public and humiliated me despite knowing I have severe social anxiety.,emotional_violence
ID_0RBHGJKC,Just a big old woman sitting at your door... They didn't care that I have worked in the security business since 2009 when I was a fucking girl. I walked out of that job tho because it was the first time I felt like id be fired for being trans.,economic_violence
ID_03FVAFBZ,"“My Husband Beats Me, My Wife Cheats” – Divorce Seeking Couples Give Implicating Details To Court    ",Physical_violence
ID_DHGXKDUB,Final part of my child marriage investigation - Sherry's story is heartbreaking: 'I was forced to marry my rapist aged just 11 after he got me pregnant at 9'  ,Harmful_Traditional_practice
ID_RIVSXQSR,"my run up today: - havent eaten in 30 hours  - havent slept in 20 hours - got verbally and mentally abused in public - humiliated myself by crying in front of the baker as he handed my loaf of bread, which i continued to cry, loudly, and eat said bread as my dad insulted me",emotional_violence
ID_N1WO2YDY,Sad tale of man with ME ‘humiliated’ after he was forced to wet himself in public at airport after four hours ‘begging’ staff for help to go toilet. Olly Vaughan Jones also claims his wheelchair was given back to him broken and an airline 'forgot' about...  ,emotional_violence
ID_LTY6PLOA,"And we STILL don't have EQUAL RIGHTS afforded by the Constitution! I lost count of how many times I was fired, because a new mgr. or owner of a business didn't think a WOMAN should be doing the job!",economic_violence
ID_NGY6IM27,"It's okay, I appreciate the support! The message you wrote speaks loudly to me. For one, my maiden name is Walter (so I used to be J Walter). Second, I was fired from my last job because I'm a woman. Verbatim: ""I'm sorry but I need someone with more balls to run my business"" 😯",economic_violence
ID_W0BK5Z0F,"Unless they come from WASP countries. ""My husband beats me in Oslo!"", ""Oh, you poor thing! By all means, come on in. Here's a red hat. Say, where are you staying? Did you know Trump hotels have recently-renovated rooms at 'reasonable' rates.""",Physical_violence
ID_TF89646M,I have been raped so many times and that's a fact. Te used me and made others watch... and that was without my knowledge or consent. He did things to me that I specifically told him not to do. That's also rape because he had no consent.,sexual_violence
ID_VADC5E9V,😐 ...and i worry that over 90% of Somali girls undergo female genital mutilation,Harmful_Traditional_practice
ID_0T9R3VM8,"if I was going to protest marriage I'd start with Child brides,forced marriage,FGM,hijabs..Christian priorities..",Harmful_Traditional_practice
ID_B284ZI4Z,"Really?  Game over?  Hmmm...let me see, how many woman came forward and accused Trump?  Oh, and the young girl he raped? Is the game over yet for him?  Obviously not...Double Standards. Both disgusting, but not the same...Interesting.",sexual_violence
ID_XZU4ITIP,"Not sure what Ed sees in me, he's always humiliated to be seen in public with me ☺️☺️☺️☺️",emotional_violence
ID_CYB39HWQ,It's ok...I already cried a lot when he humiliated me in public. I'm ok now~ Nice to meet you too dear. :),emotional_violence
ID_9O6YH9FX,"So when I was 17 I was raped but when I wanted to go the police I had to involve my dad cause I was a minor, but he said I was lying, so I couldnt go to the cops. I had to stay getting beatin, choked, and raped till he broke up with me.",sexual_violence
ID_8TX8EGHC,"I have this gnarly bruise on my forearm from getting my blood drawn. People probably think my husband beats me, but it’s such an awkward spot for a bruise that dark.",Physical_violence
ID_0XMKSDVU,"Aside from online bashing, he said “people have come up to me in public and insulted me in my face.""  ",emotional_violence
ID_H40HKB4V,I know he's humiliated me in public. I can't let this go unanswered.,emotional_violence
ID_79UG6679,ME TOO....unless they are tRUMP you mean. 20+ accusers and a 14 yr old girl he raped with Eppy. What say you???,sexual_violence
ID_A7W5XQPQ,"if you're gonna cancel cancel me too!  WE openly write rape, abuse, gore, guro, incest, and much more on tl.  he literally mind raped her so bad she's physically and mentally handicapped the other day.",sexual_violence
ID_P1RSD4JP,"When I was a bookseller years ago, a woman accused me of “never having gone to college” and was enraged that I had my job because I didn’t know “that art book that was mentioned in the NY Times a few weeks ago” (no other detail). Then she told to my manager I should be fired. 👍",economic_violence
ID_ZWN5TKAN,I choose to lend my voice against Gender based violence and Harmful traditional practices like Female Genital mutilation! These things need to stop 🛑 No woman deserves to Undergo such trauma!,Harmful_Traditional_practice
ID_C0DN352Z,‘My husband beats me like drum’    ,Physical_violence
ID_ZL3WQV1M,That’s like saying: My husband beats me but hey he makes lots of money,Physical_violence
ID_2QCQJ2YL,The only reason they had was the you do this for me and I'll help you. Our adopted son was raped by the workers friends son. We pressed charges. The fostermom knew hef son was raping him. Just didn't think he'd say anything after she let him know she was her friend. Worse things,sexual_violence
ID_YJH8DM29,"we say ‘God has a plan for me’ and HE KNOWS i dont want kids now nor would i want to be raped. so honestly, if i were raped and got pregnant, that would NOT be God’s plan for me. because it would be the WORST THING EVER. abortion &gt; adoption -  there’s too many kids in foster care",sexual_violence
ID_D0SPAMZ6,"It will only take a tweet from or a video from a woman to destroy a man's life, not even an evidence to back her allegation.  ""He raped me"" is all she needed and the world would believe her.",sexual_violence
ID_XG8QAKGQ,"My husband beats me before sex, housewife tells court  ",Physical_violence
ID_AFVBOF8U,Trump's parents clearly never whooped his ass when he acted up in public. I know my dad and mom would have if I spoke or acted like him and then would have made me apologize to the person I insulted. Thank God I had better parents than him.,emotional_violence
ID_GZG9J761,My Husband Beats Me Whenever I'm Pregnant - Woman Makes Stunning Confession in Ilorin   ,Physical_violence
ID_ZIEXV5W1,I fully believe rapist should be castrated because jail time in not enough. For women who rape they should undergo female genital mutilation.,Harmful_Traditional_practice
ID_LUFRNPQW,"""Ross has a soft spot for me because he thinks I got raped"" - Ya girl, verbatim 😭😭😭😭",sexual_violence
ID_KDIJ29UO,WOW EVERYONE LOOK AT THIS SICK BURN HE TOTALLY INSULTED ME BY RE-STATING A PUBLIC FACT I SHARED IN MY BIO WOW HE SURE GOT ME  ,emotional_violence
ID_OR0T4KN7,"As a nurse, poor regulation meant I had to watch a father take his newborn abroad so she could undergo female genital mutilation.  Regulations to prevent this have been long overdue. This is why it was warming to see cross-party support yesterday to outlaw this barbaric practice.  ",Harmful_Traditional_practice
ID_62OTUHRB,Hey where's the part where he claimed John Dingell is in hell? Where is the part where he insulted a WWII vet and lifetime public servant?   Explain to me how this man is a Catholic. he isn't. Stop defending him.He is only pro-life to get your votes. Not because he believes in it,emotional_violence
ID_R1W6O1DS,"Remember when punished me, a victim of sexual assault, for tweeting about a rapist who admitted to ATU that he raped. Nothing happened to him but I was on probation.",sexual_violence
ID_YLY0SXYD,"If Any Man Compliments Me, My Husband Beats Me To A Stupor - Wife Tells Court     ",Physical_violence
ID_6ILFMQQ2,PSA: I once got fired because I am a woman. I was only 17 at the time and I was very passionate about my job; I worked for a gaming retailer after college hours. Many customers were loyal because of my knowledge and recommendations.,economic_violence
ID_QF7AWOJX,white women scream “he raped me that nigger tried to rape me oh god oh jesus that nigger raped me”,sexual_violence
ID_1HQ7DM7S,"He cheated, humiliated me in public intentionally. I decided to leave. Took the last bit of dignity I had left and went. Only for him to continue harrassing me after I blocked him on all social media.😭",emotional_violence
ID_0LKYZUER,"Randy Quaid reports being raped raped as a child. He was triggered by the Weinstein/Epstein scandals to join the Me Too movement to rid Hollywood of its swamp of sex abusers. So, not sure how he missed  ",sexual_violence
ID_0IPDUBD2,"I was once followed twice in one day. First by a drunken man who verbally abused and shouted at me in public bc I refused to give him money for a bus home, and then 40mins later by a guy who followed me across town bc he wanted my number. He even said, he's been following me.",emotional_violence
ID_67MZ6O9S,"It is the lawyers themselves who tutor clients and add fake charges.  The common padding in relationship turned rape cases is he took me here there, spiked my drink, and raped me n took nude pics n then blackmailed me into a relationship.  Very popular cock n bull story",sexual_violence
ID_1FX71E20,"My husband beats me as if we are in a boxing competition,” woman tells court   via",Physical_violence
ID_4F4841OV,"I dont ever want people to be fired because of opinion or because of being mean, but the methods and standards she used in this story were absolutely harmful to the woman and Mayer should be fired for just being a downright awful reporter. If i was this bad at my job id be gone",economic_violence
ID_CIZM7MP5,One reason why my former husband Robert Elex G. Tan beats me up was Bambi Sumulong.   via,Physical_violence
ID_19FKXG4R,"Cameroon: New rules to help end child marriage in Cameroon: MAROUA/YAOUNDE, Cameroon – “I was forced into marriage…  ",Harmful_Traditional_practice
ID_38NLYCPX,"My husband beats me before sex, housewife tells court     ",Physical_violence
ID_48ZVIBOV,"I find questions fine as they go, but he loses me when he expresses skepticism of trans women being allowed into rape shelters reserved for cis women. Aren't some trans women raped as women with the same kind of misogynistic violence?   ",sexual_violence
ID_9E8HGS8J,My Husband Beats Me Up and Doesn’t Provide Anymore – Wife Reveals as Court…    ,Physical_violence
ID_RWM41X8O,"Will forever be against FEMALE GENITAL MUTILATION, i will never allow my daughters to undergo the barbaric practice.",Harmful_Traditional_practice
ID_VXRB0Y6U,"i got the job, because my boss had an affair with woman, who had job before me. they fired her and concerned about liability after he sucker kissed me. my boss was fired, but i was more upset hr's threats. was not afraid to tell my boss where to go, which was home to his wife!",economic_violence
ID_YEX3WE2S,"My dad calls me Honey Boo Boo out in public, so I play along and call him Sugar Bear. It's only fair if I get humiliated then he should too!",emotional_violence
ID_VK7OSM58,"""My Husband Gave Me STD, Beats Me Up"" – Says Tonto Dikeh -  ",Physical_violence
ID_E15BOW0O,"I know about PTSD. I’ve been raped and my ex physically abused me. Every time my son goes to his house, I worry he’s going to snap on him.",sexual_violence
ID_E63OYGCA,"and let me remind you that was in the span of less than 20 years. 21 million jews raped, tortured and killed and nick is allowed to be anti semetic because he’s black.",sexual_violence
ID_KH7358V5,I Was Fired from My Job Because I Voted for Obama – Woman Says: An Ohio woman has filed a la...   ..ff,economic_violence
ID_088WOONR,"That’s what’s so sad to me. How did publishers/pastors not see how bad this is?  In The Act of Marriage, Tim LaHaye tells a story of a husband who has raped his wife all through their marriage because she hates sex (wonder why)?   He calls him “equally unhappy” as his rape victim",sexual_violence
ID_7G7LP9ZO,"Dont act like prop 8 never happened, don't pretend rights dont get eroded. for 4 years I was unable to join the military and could have been fired or denied a job because of my presentation. RIGHT NOW womens rights are being eroded in an even bigger way and all some people can 2/",economic_violence
ID_RR82N4HB,"There is a a pending Court case which will prove wether or not Trumf raped a child , he refused to give a DNA specimen which to me is as good as a confession",sexual_violence
ID_GNHTGZOX,He raped a 15 year old girl too?  F me.. this world loves to celebrate bad people,sexual_violence
ID_8Y1LE0LY,3)Wyatt gave an interview claiming he sacked me because of my public engagement in the Pascoe debate. The interview also misrepresents the facts &amp; he insulted me. Why has Langton's engagement in the public Pascoe debate in the form of an interview on NITV been deemed acceptable?,emotional_violence
ID_U9NZHOOC,he exposed nude pictures of me when we 14 and you guys were on his side... he raped me at 16 and i NEVER CAME OUT..... now at 20 you still support him and his manipulitave ways... he needs help so help your so called friend.,sexual_violence
ID_GGAQ4FVA,"Before trump raped and beat her, Katie Johnson said,”he told me I reminded him of his daughter”. America, at the time of this incident, was the same age of this girl  ",sexual_violence
ID_F4OJ39Q6,"Really, So a black guy brings me to a condemned building. He disappears. I was told by 2 girls he raped them. I'm thinking very bad situation so I want OUT. I go to leave and I'm LOCKED inside. I call the police tolet me out. I had to turn on my location for them find me. Cont...",sexual_violence
ID_HD5NUPZH,So u had sex jst nt ruff!RT [YNaija]  ‘My boss fired me because I refused to have ...  ,economic_violence
ID_J33EEVOR,I’m not talking about thousands of years ago I’m talking about now! Mormonism! A form of Christianity! In African countries women have to undergo female genital mutilation and are sold!Christians doing this! We can’t ignore our own faith while condemning another fordoing the same,Harmful_Traditional_practice
ID_6BKMQ1G8,Me too. It was provocation beyond endurance. The man was traduced &amp; humiliated in a public place. He also made reasonable attempts to evade the recalcitrant hectoring of his tormentor. The same pushback is needed today. led the way AMERICA!,emotional_violence
ID_OAIUWH8R,"He's 73 and at this point, I've stopped correcting and/or arguing with him.  But gees.  I'm glad we weren't out in public at least.  Amazingly he's never insulted me for being gay.  He doesn't understand it and still thinks it's a phase, but he has never reacted badly over it.",emotional_violence
ID_IE5U4LE3,"This aspect has always bothered me about Serkan's characterisation. He really is blind to Eda's need for, and right to, respect from him in public. Even during the whole 'git' episode, he publicly humiliated her, but his apology was never public. +",emotional_violence
ID_HHJP8UGZ,No he raped me,sexual_violence
ID_2K3KRTEE,this guy blocked me in facebook for just expressing my opinion in a public thread which was started by him. He started losing his ground and felt humiliated in front of his followers. never thought he was so pathetic 😅,emotional_violence
ID_P8T2IVQK,"Two years ago, I confessed to my Mate, Alpha Gabriel, but he humiliated me and rejected me as his Luna in public, making me a joke of the whole Pack. Because I'm a weak and ugly she-wolf, no one paid attention to me. Because my parents died for protecting    ",emotional_violence
ID_Y3DXNNRA,"Since I was tiny these things have felt wrong to me:female infanticide,child ""marriage,"" forced pregnancy and birth.",Harmful_Traditional_practice
ID_S7MTYJ4L,Me from meeting my dealer on time as the Chofer was calling saying he could help me in which I never needed anyone to help me was confusing when my dealer said to me I play games!  Very hard to explain for the next thing the chofer raped me or my drug dealers did cont,sexual_violence
ID_FJINT8KA,My Husband Beats Me 6 😭,Physical_violence
ID_2F20CBVV,"I’ve just been verbally abused on the bus. A young, male, British drunk swore at another passenger in front of kids. Asked him to mind his language because daytime, public transport, rude &amp; kids. He then asked where I’m from, swore at me, called me fat, threatened to rape me...",emotional_violence
ID_GHWIRM9I,Fearing the unknown like the woman he raped - after breaking into her house? Where the hell are her rights? Her go fund me? Her pro bono lawyer - freaking hypocrisies constantly - this man is no hero!!!,sexual_violence
ID_OPHYO6S7,he assaulted a femme who lived at the house he was invited to stay at in the middle of the night. he raped me anally after i told him i had never had anal sex. he admitted to folks that he kept his gf in france in a dungeon and has no safewords. i could go on,sexual_violence
ID_5FAAGVXC,"Ellison, a big supporter of Sharia, also had his girl friend or what ever she is, undergo female genital mutilation, in compliance with his religion of peace. He said that Linda Sausour is his mentor, and that all women shoukd be, and I quote, “ clipped “, To teach them a lesson",Harmful_Traditional_practice
ID_WJP0C8WM,"Wife: my husband beats me. Judge: good lord! If a man can't beat his own wife, whose wife can he beat (true)",Physical_violence
ID_R4MTSI9T,I know that case but tell me how do you know that he is innocent the same way people know he is innocent . And if the girl was raped what would you do in that small boys case .,sexual_violence
ID_0A8044MB,"I'd told him to leave on Mon,he left.Kids fell apart,I puked loads,Sis-in-law insulted me in public.I caved last night& he's home",emotional_violence
ID_KQMCBWZ6,good point.  I was thinking fgm. Both acts are unjustifiable when forced on a child. Only religion makes the good do evil.,Harmful_Traditional_practice
ID_V14U9FAE,I wonder if she’s illegally had her daughter undergo female genital mutilation?,Harmful_Traditional_practice
ID_0J460O17,My Wife Beats Me Too Much – Husband Cries Out In Lagos    via,Physical_violence
ID_1DABJIKR,The police and izus family has evidence that she accused him for rape and she just didn’t tell anyone she accused him for rape. She didn’t it cause he rejected her. Nani is a simp. Y’all Can ruins someone’s life by saying “he raped me”,sexual_violence
ID_5BR822GR,"Woman tells court – My husband beats me, starves me    ",Physical_violence
ID_CGCQYIQD,"Someone reported me after I said a foreign national who raped a woman should be castrated before he is sent home to safeguard others, what lowlife scoured through all my posts is one thing but thought that was out of order? Think it’s time I leave Twitter.  ",sexual_violence
ID_Y1YPAKTZ,"So far as I know I have not insulted you and will not.His appalling and biased behaviour in a PUBLIC OFFICE,  I’m afraid allows me to express an opinion of him. I voted REMAIN, but as Chancellor it was his DUTY to aid the delivery of a democratic mandate ..which he scuppered",emotional_violence
ID_VJRZSGZR,Yep even after I was raped! It’s called being gaslighted &amp; controlled for so long! He made me believe I didn’t matter &amp; that no one except for him would be able to love me,sexual_violence
ID_4BBHSOL8,Hello I contacted you about a woman whose claim for Asylum was turned down. Her children face FGM if she is forced back to her country of origin. The operation isn't allowed to take place without the presence of the mother. This woman could be now sleeping on the,Harmful_Traditional_practice
ID_M2B91SEK,"what annoys me more than anything that Courtney walks after him, show some bloody respect girl, I would of  walked off, no love you never follow a man that has just insulted you in public, ever, the more you do it the more he will too, self respect",emotional_violence
ID_O0NY192B,he raped me too (your dmt entity),sexual_violence
ID_P0EOQXFS,he did not humiliated her in public. he did not send a thousand of fans so they attack the girl. he asked for the edits to not be made. it’s not his fucking fault. i would have done the same thing if i was on his shoes. watching an edit of me or my brother dying? fuck off.,emotional_violence
ID_J1LMJB1Y,Third pick in the draft and of course my husband beats me to the punch. Sorry you're not on my fantasy team this year :'(,Physical_violence
ID_A58RNP5M,my mom told me i'd be that bitch that beats her husband if he pisses me off lmao,Physical_violence
ID_3B9OEXFG,He should have not gone for a knife or resisted arrest! He was tased twice! Probably high on crack!  There were warrants and he raped a 15 year old! Cry me a river!,sexual_violence
ID_8IH9FV6I,I hate Obama with a passion. Nothing would please me more than seeing him being humiliated in public when he is sentenced to prison for his crimes.,emotional_violence
ID_B7WLU5MB,i was raped when i was 17. he was 22. i was broken and vulnerable and still discovering who i was. it took me until a few months ago to finally see and realize what he did and what happened. he spents months calling me his boyfriend and telling me he loved me but i could tell -,sexual_violence
ID_20UYSB5L,"Begging to please me!  This loser is drained, $437 addicted, humiliated in public chat. I commanded him to give me all he's got in his account, so he did. Money left= zero  at    - DivaDomme  ",emotional_violence
ID_ZVD2402S,Smdh this rape culture is disgusting. He is a rapist because he raped me. That’s makes it a fact not an allegation! Thank you,sexual_violence
ID_L4ZNW2A6,New Post: ‘My boss fired me because I refused to have rough sex with him’ – Toy store worker  ,economic_violence
ID_ELR80GRW,"‘My Wife Beats Me Everyday’ -75yr-old Divorce Seeking Husband Tells Court: A 75-year-old man, Mr Fashola Fakor...  ",Physical_violence
ID_BW71BB93," I was raped, assulted and slaved all in the name of being in a relationship, yet when I got out he had the guts to call me a whore.  ",sexual_violence
ID_S60H606E,"A lady will say, ""if my husband/boyfriend beats me, it shows he loves me.""  My sister, you're possessed. You need deliverance🙄",Physical_violence
ID_U9PEOU7J,"Yeah. My husband and I and 4 out of our 5 kids are white. Our caboose is from me being raped. He’s partially Filipino, and people ask me if we are a his mind and ours family all the time. NO. We are a FAMILY. All the same. Nothing less nothing more. FAMILY.",sexual_violence
ID_S1CHU5B8,"“I want none of my daughters to undergo genital mutilation, which leaves a mark for life.” -Mabinty Bangura  In the people of Tonkolili and Port Loko are breaking away from passage rituals such as scarifications and female genital mutilation.  ",Harmful_Traditional_practice
ID_3VU490LH,“My Husband Beats Me As If He’s In A Boxing Competition” – Wife Begs Court For Quick Divorce  ,Physical_violence
ID_5C4AQ8WA,‘My boss fired me because I refused to have rough sex with him’ – Toy store worker:  ,economic_violence
ID_9BN5JJSX,"my mom had the audacity to say “well the cops help you when you were raped” No, they didn’t. My rapist was found guilty of rape 1 and kidnapping 1 at grand jury and the first deal that was brought to me was 6 months. I agreed to 5 years, and he was released in under a year.",sexual_violence
ID_NOX5QQDN,Y’all want someone to ruin. this guy sexually assaulted and raped  1. Me  2. My family member  3. An old friend  4. My old best friend    God only knows how many other girls he’s raped.   My story is that when I first started dating Jordan I heard a story before that made me,sexual_violence
ID_PLI59NKI,The use of the term husband and wife in same-sex relationship makes me cringe but I know it's commonly used to subtly imply the top/bot position. Otherwise I love their overall relationship dynamic and they're really cute together. But ofc nothing beats brightwin in my heart 😍,Physical_violence
ID_7TN5JRVZ,Proper she wants to be told to shut up in public and be humiliated with the “but he loves me” rhetoric. He’s too much a nice man for her it’s a shame,emotional_violence
ID_HPL8RE1G,"My husband beats me frequently, wife tells court  ",Physical_violence
ID_8BHI7REF,Massive trigger warning for sexual assault - - - - - - - - - - - - - I just talked to my mom about how my brother almost raped me when I was 9 (he was 13) for the first time since it happened. He made me take off my swim suit bottoms (we were in a kiddie pool) and tried to,sexual_violence
ID_9BK6WLJ1,"He overshadowed the first four years of my marriage.  One of our first times out after all the services were over, Nov '16, I was verbally abused by a man in one of those hats bc Spouse let me hold the table at a McDs. My offense: female in public without an escort close by.",emotional_violence
ID_RWC6BCAP,was forced to marry my rapist aged just 11 after he got me pregnant at Inside shocking child marriage epidemic  ,Harmful_Traditional_practice
ID_XMWG42WI,"My husband beats me frequently, wife tells court: Mararaba (Nasarawa State) – A 26-year-old…  ",Physical_violence
ID_I9H8A8LB,So this fucking guy was smoking in a non-smoking area and refused to stop. He eventually called me a bitch. I humiliated him in public. :-),emotional_violence
ID_A3CKPWHD,"The way I'm scared of going to Prison I don't think I have it in me to Rape , just wondering how many good men who are in prison now, who are been falsely accused of RAPE!! Who end up been raped,beaten or killed in Prisons bcoz of ""He will know me"" .. Men was wrong wit Us??",sexual_violence
ID_2KHTPQ8O,"I was just remembering a woman I knew in graduate school who lost her art gallery job because some asshole patron recognized her from her other job as a stripper &amp; told the owner, who fired her.  I see from LinkedIn she's a Dept Head at a university now. Good on her.",economic_violence
ID_AO8LK05S,That's me every day. Such a klutz. People prob think my husband beats me! (.. useful if I plan to get a divorce someday ..),Physical_violence
ID_BIQJDRUC,"For me (not condoning behavior) it’s understanding everything that Trump has done, all the lives he has destroyed, the Americans who have died, the women he has raped, the lies...and that they know we are the ones who are wrong.  It’s all Fake News about Trump.  They are lemmings",sexual_violence
ID_YRW65TST,"Dear IKWRO, this is Shagufa Habibi, originally from Afghanistan. I am raising funds for my education to end child   I was forced into child marriage when I was 16 and escaped to United Statesthe in 2015. Please share my story: ",Harmful_Traditional_practice
ID_E85FBMF3,"Let me get this right, gets sympathy becuz he walked off stage and lost his job because of HIS OWN aggressive, bullying behaviour??   But, get insulted by the British public for speaking up against oppression &amp; bullying?? Which planet are we living in?",emotional_violence
ID_MM8MWJU2,"A woman was drunk and walking home in Gran Canera, she was raped.  Locals there were outraged. All shouting that she should be able to. Once while out there, I got ridiculously drunk and had an argument with my dad, as he tried to get me into a tax  (1/)",sexual_violence
ID_V45PQSXQ,"At 18 I was tasked with hiring new security officers. I hired the best person for the job, it just so happened to be a woman. The owner was pissed, and told me and my manager to fire her, because a woman couldn’t do the job. I found a new job, and my manager fired her.",economic_violence
ID_3JP2U604,"I feel so helpless &gt;&gt; orders women aged 11 to 46 in Mosul, Iraq, to undergo female genital mutilation  ",Harmful_Traditional_practice
ID_F7KQZTAS,"When a 60 year old woman gets you fired from your job because ""she can't stand to work with you."" 😊 it's ok I was leaving anyways.",economic_violence
ID_M0HISDNZ," He insulted everything about me. For a year I didn't smile in public, because he said I was ugly when I smiled.",emotional_violence
ID_UJKXMUS4,My deepest condolences for the loss of your precious husband.🦋  I’m sorry to bring politics into your time of pain but THIS is what REPUBLICANS protect. The gouging of ordinary citizens to enrich the health insurance&amp;BIG PARMA industry.💰 Why their base doesn’t see it beats me.,Physical_violence
ID_0IAVKMF7,"Before my rapist sexually assaulted me he verbally abused me about being “popular.” It never occurred to me he would get violent. I started lying about life goals as he was raping me, asked not to have sex in a public place because last time I said no in private, he got violent.",emotional_violence
ID_C8J1HBYW,"The best compliment I got from my husband was after a long day of existential crisis about my dissertation. And he woke me up the next day saying ""good morning my paradigm shifter"" 😂😂nothing beats that!",Physical_violence
ID_HS5Y42RR,and now she’s saying that she hopes my future husband beats me and puts marks and bruises on my body because i am such a shit person! love tjat for me!!! anyone else here on this fucking app wanna show how disgusting i am??? also pLEASE tell me u don’t give a fuck abt me &lt;3,Physical_violence
ID_J8U8IB8D,"Allow me to fix this statement for you because clearly the daughters of the confederacy and those history books have you picking and choosing today...So you mean that tell me that Robert E Lee was great because he sat and watched people being starved, beaten, raped, tortured  ",sexual_violence
ID_FDUAT90X,My Wife Beats Me Mercilessly For Going To Church - Husband Begs Court To Dissolve Marriage    Photos Here ---&gt;&gt;   ,Physical_violence
ID_STIMZBRV,"So i am here talking with a friend and she tells me that her friend wants to undergo circumcision, as in what you call Female Genital Mutilation. FYI, she is a 35 year old grown up with kids. She claims she doesn't feel like a complete woman. What do you think people? Legalize?",Harmful_Traditional_practice
ID_J292XLBV,I remember how I almost got raped like it was yesterday. I had to pull out a knife on that nigga so he can get the fuck off of me.,sexual_violence
ID_HZ9FEPCC,going to a costume party as a 60s nuclear family and my  husband beats the shit out of me violently,Physical_violence
ID_CTV8SUDF,"pls help me to bring the Indian criminal citizen Teenu Jangra to justice. He committed murder attempt in 2016, then forced me to work illegally, robbed me, insulted me on the public by breaking fake news about me via cousin journalist. Indian gvnt ignores complaint  ",emotional_violence
ID_3J975O4Q,"Morning Teaser: 'My husband's mistress invaded my home, beats me up'    ",Physical_violence
ID_H2CC5Z9T,"No. She is in the records as ""I have never said he raped me"". She was recruited by Laura L Dunn Esq who herself has quite the story..  ",sexual_violence
ID_O6P2748S,"European bloodlines, eh? Well, my great-great-grandfather who raped my great-great-grandmother, whom he enslaved, was Anglo-Saxon. I've descend from European blood, can I join? Do their members have to take 23&amp;Me tests to be admitted to the membership rolls?",sexual_violence
ID_R6LHZN5U,"plenty of stuff. he led me on, never acknowledged me in public, he insulted me, threatened me.",emotional_violence
ID_A813E60O,".....wait a sec, that must be how my husband beats me every time.  *shakes fist*  DAMN YOU AFFIRMATIVE ACTION THIS IS TOO FAR",Physical_violence
ID_KVMXXXF5,"Lmaooooooo u calling him trash after he raped ur team. Embarrassing. Check on chinn for me, is he still laying on the ground after getting TOASTED for a 40 yard TFD?",sexual_violence
ID_LVJ4SBJ1,"In 2000, Aiyar was involved in a public brawl with politician Amar Singh. Acrdng 2 Singh, Aiyar insulted party leader Mulayam saying: ""Oh that bloody Mulayam, he looks just like me. It could be coz my father visited UP at some point. Why don't you check with Mulayam's mother?",emotional_violence
ID_T048R1F6,"Bro all lifetime movies be like "" my husband beats, me someone help""",Physical_violence
ID_RXDSGUUF,Me: Why are you smiling like you just killed someone? Wife: Remember my first job where they fired me because I was a woman? M: Yeah 1/2,economic_violence
ID_VSZ2C7Q5,"Yes FGM is another religious belief,though I am not sure it's forced,woman even perform the operation on there own people,and mother's take there daughter's for it,are they manipulated",Harmful_Traditional_practice
ID_Z6Q9HMN9,"Or recognition of yesterday as a day to 'End Female Genital Mutilation', not recognising the men and non-binary folks who undergo clitoral mutilation.",Harmful_Traditional_practice
ID_O9S0ZOWA,Worked for me.  She cried and I was like “Alex it’s just a job” and she said “no you don’t understand I’m a black trans woman and it is so hard for me to find a job” she had been mistreated and fired from many other places jsut because of her appearance. Check your privilege.,economic_violence
ID_MR95U70P,He also has raped me. I told him prior that I don’t do anal and HE STILL STUCK IT INSIDE WITHOUT MY CONSENT and I WAS DRUNK.,sexual_violence
ID_JDDU8L4O,I had a dream publically humiliated me &amp; yelled at me in public. (We went back and fourth for days and he HATED me lol) Then to try and make it stop I seduced him and he reciprocated QUICK!! And I liked it!!  Am I toxic?!? Wtf Yes Im still kind of aroused by it😭😩  ,emotional_violence
ID_SFRNV1UO,"When I told my dad that my ex raped me, he said it was normal and that’s “just what men do.”",sexual_violence
ID_NTRZQ3UJ,Can you imagine having to explain that sentence to an actual christian.  Show me proof he raped anyone...  the proof is he literally said grab her by the pussy.   the proof is him  he said it,sexual_violence
ID_9M950MML,"Bhagwan na kare agr raped ldki k parents ki jagah aap ho aur ye he news media wale kahi na kahi apko support krne k liye aise jadojahad kr rhe ho police wale se toh hum bhi ye he bole jo apne apne post me likha hai... Maf kijiye pr apko court, appeal k baare me pta tk nhi hai",sexual_violence
ID_0U0OLJU6,"Day one of my husband and I sharing a home office  Him: *remotely hosting a team training session* Me, singing occasionally and vibing to some funky fresh beats in the other corner:  ",Physical_violence
ID_HUO88XGW,"For me, the scared n insulted look on that boy’s face explained what a person he encountered!  absolutely no way gender can justify stupidity n arrogance ! First thing a public representative should learn is how to conduct oneself in Public. If they can’t, nothing can help them",emotional_violence
ID_PSN5SLVP,You gone feel like Shìt when you hear the whole story . But he also raped her to teach her lessons also . She ran away for a great reason if you ask me and this was him punishing her for running away showing her this what happen to little girls who run away,sexual_violence
ID_TVBHUWX7,"This isn’t a “Messi is better!!!!” thing. This is a “credible allegations of rape, quotes from him about how he raped her, if you don’t believe her bc he’s your fave, don’t fucking talk to me” thing",sexual_violence
ID_ZL5HB82C,Thank you for not staying quiet. I was sexually harassed on my 1st day on the job. I never told anyone because I needed that job. Didn't help that he was sued by another woman for sexual harassment &amp; she won. He wasn't fired. Silent no more,economic_violence
ID_8FR2Q2EY,Some of them will come here and be ranting *he raped me 20yrs ago i need justice* lol,sexual_violence
ID_43U1E7ZF,"  victim  “Defendant Trump tied me to a bed, exposed himself and raped me. I pleaded to stop but he responded by striking me in the face and screaming that were I to reveal details my family and I would be physically harmed if not killed.”",sexual_violence
ID_XKGPGED5,"The world in a sense may “cater” to men. But it’s slowly not. The balance of power if you will is shifting towards woman. If a guys says he was raped by a women he’s told to get over it. A man does it, he gets life. Rape is wrong let me be clear. But you have the world on ur back",sexual_violence
ID_TLH4ST66,"I love your kisses Gee, your beautiful eyes and your big heart that beats for me.....you're my perfect husband baby",Physical_violence
ID_C7G9U2OC,"I was fired from my first job for speaking loudly. My manager said I was too ghetto. She told me not to tell my African American mother. I’m assuming because she didn’t want to come face to face with an “angry black woman.” So, I did what any 17 year old",economic_violence
ID_B0PEB54E,"I had a dream that felt good last night, I dreamt my old boss, from when I was editor of a community newspaper was looking for me. So I got up this morning to look to see where she was. I loved that job. I got fired because of envious woman there. If I had £ I’d send do my own.  ",economic_violence
ID_Z3CMX174,"A man just said to me  “I’m not going to hate trump because he raped someone, all politicians rape people. I’m not going to hate him for doing something everyone does”   I am sad men exist",sexual_violence
ID_AQUJUHZG,"How about ""he raped me"".  In your view does that need additional evidence of rape to have ""already been asserted""?",sexual_violence
ID_YL0N1QG9,"President has the power to fire switch hitter Comey. So what is he waiting for? If my employee insulted me in public, he's gone...",emotional_violence
ID_GKG17OU1,"At the end of the day, it's a woman losing her dream job because of a pretty harmless joke. I would hope that if I was appointed to be EIC of the Daily Caller and got fired because I once made a joke about Asian people that Alexi or anyone else would feel bad for me.",economic_violence
ID_EGSMC53L,"Jennifer I was fired from my job just over a month ago because I quoted scripture to a woman who took it the wrong way, thought I was calling her gay son a sinner. If she knew the Bible she'd know we are ARE ALL…  ",economic_violence
ID_D22UOAMG,I am trying not to wish hat he gets prison raped. I know it’s wrong to think that way... but damn it he deserves to suffer. I’ve got to try to forgive him or this hate will eat me alive.,sexual_violence
ID_NVSLLUH4,"Please explain to me how you can defend a rapist, who had just shown up at the woman's house who he raped....that he was banned from returning to...which he had an ACTIVE warrant out for...please, please explain. Did you want the cops to let a rapist get in his car and leave?",sexual_violence
ID_OJ3CG6MQ,"Every woman he forced himself on or had an adulterous affair, including 13 year old he raped, he tells them in his you remind me of my daughter. Just think about that. He's f**king his daughter while raping her.",sexual_violence
ID_LZR7PESR,"because after he raped me he made me feel sorry for him, telling me it was my fault. And on top of that the nurse that gave me an STD and pregnancy test told me it was my fault. Why did I think anyone would listen?!?",sexual_violence
ID_3U8J5OFR,"My ex was extremely abusive in literally every way from beating me almost to death and other forms of physical violence, he raped me any time I didn’t want to sleep with him, and when Aliza was in the hospital he refused to see her before she passed saying 1/2",sexual_violence
ID_DB2JD9C4,“Justice”? Where’s the justice for the woman he raped? He’s been out “walking around free” since July 7th.  tells me he wants “justice”. What about women? Do they get quick swift “justice” too? See how this game is played? Media who is all about will ignore.,sexual_violence
ID_FK4HHNUZ,"I questioned the validity of what was being spread, and everyone yourself included, jumped on me for questioning if she was raped, and he admitted to it. All the while you know that’s not what he admitted to, but it didn’t fit your narrative. That’s bullshit bro, and I expect",sexual_violence
ID_1FQHIDU4,TRUE HE RAPED ME,sexual_violence
ID_32NID7MN,"No, he reminds me more of the college guy who raped an unconscious girl behind a dumpster.",sexual_violence
ID_HPAWUMCJ,He was not convicted. I can say you raped me and you would also have a warrant.,sexual_violence
ID_JLMQF33M,I was fired from my job recently due to discrimination because I’m a woman of color with tattoos,economic_violence
ID_C7TR6C3A,I was fired recently from a shit job partially because I annoyed some rabid fuckwit feminist they kept in the basement. This woman is an overblown admin and is being put forward for a 'woman in tech' award. It makes the term a joke.,economic_violence
ID_ANP23WF7,I get the feeling he's just like those macho manly men who stare at me in public when I'm not passing as if I'd just insulted their mother.,emotional_violence
ID_OEUW5QZB,'My husband beats me when he is at the peak of his love': The place where domestic violence is a sign of love  ,Physical_violence
ID_TNNCJBFL,"If I was that woman I would not be able to put my hand behind my back because I have arthritis and a frozen shoulder! I realize cops have a tough job, but there should be strict control regarding actions such as his one. I sure hope he is disciplined and fired.",economic_violence
ID_VMS98PX5,"""My husband beats me 6""🤣😂🤣  ",Physical_violence
ID_L9SZAEVG,"Last I checked, this is a public forum, and I haven’t violated any rules. In fact, if you check the record of my last interaction with Kron, you’ll see that I avoided insulting him after he insulted me.",emotional_violence
ID_MTY0W02L,The strange thing is that lo ndandimkhaphile eyonxiba ijersey still up to today thinks he never raped me cause I never reported him to the police. He thinks he had sex with me while I was kicking and screaming trying to run away from him but couldn't cause wayenditshixele,sexual_violence
ID_KBWJZKIQ,AHAHAHA TRU maybe on his good days? Like he decides to do it out of a whim...hnsghsbsjs I want sj humiliated in public but I know Bingge will never let anyone see his precious toy,emotional_violence
ID_BMSPWD24,do not address me by my first name. Now get away before my husband beats both of us,Physical_violence
ID_FOC8PG69,"He insulted me in public, he can't take it private when it's time for me to respond.",emotional_violence
ID_S33Q5JA4,"My Husband Beats Me For Not Bearing A Male Child."" This one's easy. Judge should send the man to prison until he gets GCE credit in Biology",Physical_violence
ID_ATHU213O,"Na, this table I dey. My own dad flogged me outside, insulted me in front on my friends in public. When he asked about husband, I screamed at him and told him never to ask me such again. He quickly apologised. We can't be friends.",emotional_violence
ID_EFHFZCJR,"I was fired from my job when I was in my 1st trimester because I had to rush to the doctor because I was bleeding. Thankfully, my daughter and I were fine, but my boss didn't want to deal with a pregnant woman. Pregnancy discrimination is 1000% real and still happening today.",economic_violence
ID_KBNFTA9A,"TW // Banana Fish , rape , sexualization - - - - - - My friend said that he'd let Ash top him but he also told me that he was raped as a child??? So I don't know why he would put you, who is also a child, in that situation. It's not that you're ugly, it's because he has trauma???",sexual_violence
ID_PAKFE6TI,He raped me! -she was asking for it.  Nuff said,sexual_violence
ID_2RWPW9NZ,OMG....my wife just let me order myself some new Beats Mixr headphones!!!!! must be best husband,Physical_violence
ID_FBA4M588,"Felt sick when I read this:ISIS orders women aged 11-46 in Mosul, Iraq, to undergo female genital mutilation, UN says  ",Harmful_Traditional_practice
ID_A4HZBZMZ,Just woke from a nightmare about going on a date with a guy and he purposefully humiliated me in public. Yay deep-seated fears!,emotional_violence
ID_4Q6ATQTI,"stop making racist comments that’s white supremacy,kkk, i’m a stay at home mom and my husband beats me energy along with i call black people monkeys energy:)",Physical_violence
ID_EQQQAO90,Say who's name the child he raped? Give it to me and absolutely.,sexual_violence
ID_97WL8K5L,"I was once fired from a job and replaced with a buxom woman. Boss admitted he replace me because ""You don't have tits."" This was in the days before you sued for such stuff.",economic_violence
ID_2BEMLC7G,"Those who are satisfying their ego in tweeting  A message to them  "" He is self made artist and should be respected. If he insulted anyone, ask him the reason for so before crying out in public""",emotional_violence
ID_52ULRNES,"His mother is visually humiliated as am I but of course in public i have to pretend like he’s not wrong. We get to the car and his mother asks me “TaShawn, do you feel like i was letting her talk down to me?”",emotional_violence
ID_6F3SZ3QG,"I think a public apology is pretty appropriate for a public embarrassment. I'm sure he has apologized privately as well. If I insulted you in public, and then when nobody could see me, said ""i'm sorry."" Wouldn't that be sort of squirrelly?",emotional_violence
ID_0GRSDEQ5,My husband is so sweet! He always beats me at Christmas cards ♥️.... one year I will 😂.  ,Physical_violence
ID_1BNAJK2V,No way in hell!!! It’s a lot like a man that beats women. I NEVER saw my abusive husband fight a man but he’d whoop on me in a heartbeat! I sure saw him go after a woman w/a ball bat too! Knocked his ex’s front teeth out!,Physical_violence
ID_CSLI6I6P,"She was very miserable but I didn't want to give my energy into fighting the company because clearly they liked her. I was also fired from another job because my coworker did not feel comfortable working with a ""colored"" woman. That's all she talked about. People are ignorant.",economic_violence
ID_F53NVN3W,"As a baby journo, I had an awful experience with Jon Snow where he humiliated me in public in a way v. unbecoming for a man 30 years older",emotional_violence
ID_4TOWYX55,My husband also a programmer. He beats me at scrabble cos he plays it mathematically. My beautiful words score less :(,Physical_violence
ID_HHBVXKHX,"How tone deaf is this woman? She is the biggest liar of all...I’m a Native American, I was offered a job at Harvard  because I lied about being a person of color, I got fired for being pregnant, my son went to public school....",economic_violence
ID_GX94US7N,"Community Briefing Video: Deon Kay   via  &amp; , other Dem media should allow investigators to do their work before condemning police. They should talk to Blake's girlfriend also who he had just raped. What happened to me too",sexual_violence
ID_084PAL2E,"That Obesere video, where he said ""Issue lof raped"".... Can someone please send it to me?",sexual_violence
ID_HXV9OH0M,"It's definitely shut up women, we know best.  I don't want a man walking in to a public loo when I'm in there. I've been verbally abused as a young teen under this circumstance. He was older and I saw his penis.  It's not a simple case of pee next to me.",emotional_violence
ID_JGEUX4EZ,"I was just thinking about the time I was involved in a case where a woman got fired from her daycare job because she got on the intercom and screamed ""THERE AIN'T NOBODY WATCHING Y'ALL'S KIDS, GODDAMMIT,THIS PLACE AIN'T SAFE"" when parents were lined up outside.  ",economic_violence
ID_H5XUHVZG,"because it was my first job. Because he was a coworker and I was afraid I'd get fired. Because my parents couldn't afford tuition and I ""needed"" that job. Because my boss (who was a woman) told me I was being too sensitive. Because he was married and had a kid.",economic_violence
ID_CH3MOXOC,"Me in 2035: ""Hey, remember when that pro-Nazi, Fascist Senator from TX tried to take on (now And he was so humiliated and shamed he ended up resigning and never holding public office again?  Was that before or after he incited an failed insurrection?""",emotional_violence
ID_Q5WUWJ07,‘My boss fired me because I refused to have rough sex with him’ – Toy store worker: This was one bad San...  ,economic_violence
ID_F7TGFT35,"It's weird the thing your brain remembers and when. I once got in trouble at my job in highschool because a grown woman was mad that I was not attracted to her. I was 17 and she was in her 30's. She went to the store manager and everything, I was almost fired because of it lol",economic_violence
ID_78OZCREV,"These people have failed to understand that child marriage is wrong cos it's not personal to them. Put yourself in those shoes At 12, i was only bothered about my coke bottle glasses &amp; i just wanted nicer ones. Now imagine being forced to marry. PLEASE! BIKO!! STOP CHILD MARRIAGE",Harmful_Traditional_practice
ID_GTV447FW,"so of course i did, because thats what i'm supposed to do. but i wasn't going to let this horrible woman take a huge dump on the guy's head for doing his fucking job.   a week or two later i was fired. i've never been sorry. that woman was a horror show. 5/",economic_violence
ID_DLAY8WY2,my husband beats me 6 LMDAOOOO,Physical_violence
ID_P8XIT0VQ,"It beats underreacting &amp; causing many thousands of deaths hands down! My husband, in his mid 70s, may be an expendable guinea pig in this far-right govt’s social experiment, but he is all the world to me &amp; our family. How dare they play russian roulette with our lives!",Physical_violence
ID_SPW9UHCS,"( And by avoiding her affections in such an obvious way, he'd basically humiliated her. In public. )  Look, I've had a lot of people push romantic intimacy on me that I didn't want. Wanted it too fast, too soon -- and forced it on me to make me choose.",emotional_violence
ID_KMYB8G08,He humiliated me enough all these years &amp; rapists always try to hide stuff with the same MO.  Leeches are leeches. I want a fee for using me Kiedis and economic amends made with a completely humble attitude in spirit. I don't even want it; I command it. Public apology 2,emotional_violence
ID_UIMC8HAX,"As a former abused wife, I would NOT have humiliated him in public because I would know I would get the 💩 beat out of me later. Right now, she has power &amp; she knows it. He needs her to stay. I would bet that when he’s out on 01/20, she’ll have the divorce papers served. OUCH!",emotional_violence
ID_VVI922PO,"""I was fired from my job for being a feminist!""  ""Uhhhh didn't you get fired because you got arrested for assaulting a trans woman and throwing a brick through her window?""  ""......noooo, it was because my boss was totally biased against my very real feminism!""",economic_violence
ID_ET1ZOM02,"My Husband is Irresponsible, Beats Me and My Parents – Woman Tells Court... Like + Comment...    ",Physical_violence
ID_8NIB8OIX,"I read an article on Reddit on how 9/10 of Muslim Egyptian women undergo female genital mutilation to ""prevent male sexual weakness"".",Harmful_Traditional_practice
ID_6CE1Q7AT,"I dunno which section of the fan base or public can watch that scene and identify with it.  I'm OK that he message landed in the ep for sure yes, but it humiliated the Dr and shunned me. All I'm otherwise getting online are cheerleaders talking about Capaldi's cue cards.",emotional_violence
ID_MBA5SJEE,"“I was taken out of school at the age of fourteen and forced to marry a man twice my age,” Nargis, 18, said, “I hated him.” Conflicts increase girls' vulnerability to child marriage setting them up to a life-long cycle of violence. More:    ",Harmful_Traditional_practice
ID_NXNNFLAV,"I would already feel humiliated to begin with, why go humiliate myself in public, when he or she already did that. Pero that's just me 😇",emotional_violence
ID_67WSI554,"I pray for a heart like that of Arsenal supporters . The courage they hold to even speak of it after all that hurt. They be like the advert si heard on radio "" my husband nolonger beats me alabika takyanjagala ""🤩🤩",Physical_violence
ID_C2T5Y9S6,and the fact that my husband can get at me while he's on the road working?!!!?!! AMAZING!!!!! And beats to music. Whaaaaaaaat???,Physical_violence
ID_2ZVNQ26Y,"My wife beats me regularly, husband tells court    ",Physical_violence
ID_87VK6GDQ,My Wife Beats Me Up Any Time I Complain Of Her Infidelity – 71-Year-Old Husband  ,Physical_violence
ID_8T0SZAAR,MY HUSBAND BEATS ME ALOT- Mary Osagie Eremiokhale    ,Physical_violence
ID_3B70IHNO,More truth. I had some shady corporate people steal my job and sad thing is it can happen to anyone. OMG...I was fired because I yelled at a woman who assaulted me.,economic_violence
ID_SZ9Q4A9I,"I had a boss who verbally abused me almost daily out of public sight. Slammed doors in my face. You name it, yet everyone he dealt with thought he was such a nice guy &amp; many who I told my story refused to believe me.",emotional_violence
ID_A4KTTFIT,"Somebody insulted me in the public because of my new hair cut, He called me bed boy and moreover he try to throw...  ",emotional_violence
ID_APXD31MZ,When I was 19 I got fired from my retail job for not selling enough. I was crying at the bus stop and a nice woman took me to a cafe and got me water and got me to talk about it. I was scared because how was I going to survive. She helped me w kindness,economic_violence
ID_1EIRDFU7,I know a Kurdish guy and he has told me stories about the kind of ridicule that exists in Islam.  He told me about a family that still to this day is humiliated because one of the men 3 generations ago farted at a public supper.  They are the stink family.  It's fucked....,emotional_violence
ID_QJQDTFYX,Mickey telling Carl he wasn’t raped fuck you? This episode is turning me into a milkovich anti,sexual_violence
ID_89W5FM7G,The day my husband beats me. The day he is ready to go bankrupt,Physical_violence
ID_B4EDKNOU,I Have Watched More Than 300 Girls Undergo Female Genital Mutilation in The Past Week Alone -  ,Harmful_Traditional_practice
ID_DL6LYSV2,"I had to undergo female genital mutilation after marrying Because he's an Islamist, you see.",Harmful_Traditional_practice
ID_SGCWX9YY,"Oh no!?  He likes being humiliated in public?  That's a little too ""sophisticated"" for me... :-[",emotional_violence
ID_VOECOHIM,"Honestly I haven't seen a man like him ever!  Plays strongman politics.... and cries in public that he has been insulted.  Somehow he reminds me of Vikram's character in Anniyan, wherein he suffers from multiple personality disorder.",emotional_violence
ID_OQQI2VJN,[NEW POST]  ‘My husband beats me at will’: Wife Begs Court For A Divorce In Ekiti  ,Physical_violence
ID_EQP5TXIP,My husband actually hates when I wear makeup 🥺 tells me all the time nothing beats my natural beauty,Physical_violence
ID_M35SM8SI,i was thinking about how domestic violence is so normalized in desi culture.  i read this horrifying story of this woman who managed to escape a forced child marriage and i realized i went to hs with one of her daughters. it is rly disturbing how close to home the issue is.,Harmful_Traditional_practice
ID_XB0OSBD5,My first job was at Dairy Queen and I was fired after 30 days because I threw a banana split at a woman that was being rude to me after closing time,economic_violence
ID_73B2S7N8,Wife - 'My Husband Beats Me And Rapes Me'  ,Physical_violence
ID_J02WBD5K,"I didn’t tell this story when it happened because I didn’t want to get fired from my old job (for violating a customer’s privacy) but it’s been a while, so: I was working at a jewelry store at the Century City mall. It was a slow day, and an older woman came in.",economic_violence
ID_XY0ZK6PD,"I got a copy of pissing in public by Gavin ""I'm a white supremacist piece of shit and I deserve to have me and my proud boy scumfuck army publicly humiliated"" mcinnes  got it as a gift before he formed them, my 19 year old ass just found the founding of vice mag fascinating",emotional_violence
ID_P883AYNE,' + Throne Ran In My Foot Mere Pair Mai Kanta LaGa Hai + He Has Humiliated Me In the Public Is Ne MuJhe Sar e Aam BeIzaT Keya He.,emotional_violence
ID_TVAUA34N,"Now you have me wondering...I know I’m in the Bronco I bought my husband when we first got married. But, I don’t know what I used to take the pic. I had a digital camera wiht a floppy disc... beats me.",Physical_violence
ID_84IGO27N,calling him stupid to his face and she told me that i was terrible at my job and incapable of customer service so i should be fired from my job and then the very next day i heard that this manager was going to be transferred from our store because the woman had called corporate-,economic_violence
ID_0U6LRR8P,RT My husband beats me cause I added weight,Physical_violence
ID_KZHVAHPR,Me too. he needs to be humiliated in public and spend his miserable life in prison.,emotional_violence
ID_EZH3VV9T,My name is Chloe and at 12 my sextortionist made contact w/ me in my neighborhood. He was 28. He told me to install KIK so we can talk freely. He wanted nudes. The day he raped me he took pics and uploaded them. Men called. KTS:,sexual_violence
ID_1K7QIYVB,im a woman myself why would i be against women and like sexual abuse when im part of the 97%? i was literally raped and my innocence taken away from me at 14 by a man that was 22 in the military and thought he could get me drunk and RAPE me and TAKE my virginity from me.,sexual_violence
ID_0PHM9FLO,"I posted this on my fb, my husband just tried to Rock Paper Scissors me for sex and he lost 😂😂 rock beats scissors 😂😂😂  ",Physical_violence
ID_VO4IVBM1,"HE OPENLY ADMITTED TO PEOPLE HE RAPED ME!! HE SAID IT. HE ACKNOWLEDGED IT. I’m SICK of this shit! I’m not silencing my voice!! IF HE WAS BLACKED OUT DRUNK LIKE HE CLAIMS, HOW TF WOULD HE “RECALL PEOPLE BEING IN THE ROOM?” HE IS FUCKING LYING TO YOUR FACE  ",sexual_violence
ID_DWR817OS,"People like him, think that they are unthinkable. Time and the era has changed. People put their notion of  I don't want to be humiliated if public learned happened to them, to I want that man to be brought to justice for what he did to me when I was most vulnerable. Rot in jail.",emotional_violence
ID_GAAPE0KH,My Husband Caught My Mum Cheating And Now He Beats And Calls Me Names   ,Physical_violence
ID_BZHEF66Y,"""Trump only humiliated me in public because he loves me.""  ",emotional_violence
ID_FQSUVJ5K,"I love even though I am useless at it and typically my husband beats me as he can do the missing vowels round. Today, my year 8 history group were introduced to the missing vowels round for their plenary. Next lesson, a mini version of the connecting wall.",Physical_violence
ID_4RPMIO3Y,'It felt like I was for sale': child-bride survivors demand action  need to vote to outlaw marriage under the age of 18 in UK  Girls in UK have a RIGHT to education &amp; training up to the age of 18 &amp; not to be forced into Child Marriage   ,Harmful_Traditional_practice
ID_8UA1EYMD,I literally had a woman with three kids and a fourth on the way set out on a campaign to get me fired because I laughed when she told me I was selfish for not having kids.  I lost a job because of a breeder with a grudge.,economic_violence
ID_TES71BZ1,"My husband steals my hard earned money, beats me — Divorce seeking woman  ",Physical_violence
ID_6JFJ0YUT,I was recently fired from my job because of a white womans discrimination against me being a woman of color with tattoos 😔😐,economic_violence
ID_DRLGYR25,"Not with me! He did some damage this time. Don't forget he raped a woman in a dressing room, in a department store.",sexual_violence
ID_EVKKPKW5,"""rare public judgement"" ? You havent been watching have you. This guy makes my skin crawl. Evil in smug face. He also insulted the older generation and parents. He reminds me of a cult leader indoctrinating young people in order to control.",emotional_violence
ID_QD5LS9XZ,my mom didn't get me nothing but some hugs and kisses for valentine's day! my momma husband did got me them beats and ring ligjr,Physical_violence
ID_AEW3QUCX,So let me get this straight: Dude raped a 15 year old. Dude wrestled w/ cops. Dude resisted arrest w/ guns drawn. Dude reached in his truck for a knife (admittedly). And people feel he was in the right?,sexual_violence
ID_RYAHP7W9,This person crossed the zebra crossing and giving no space to me when I was walking and questioned him he humiliated me in front of the public.  ,emotional_violence
ID_40HAP2WE,A tiny (very tiny) part of me hopes he sticks around and runs again so he can be humiliated in public so badly that he feels uncomfortable showing his face again.,emotional_violence
ID_UD4E8Y3E,You have no proof he raped anyone. He never got arrested or charged explain to me why that is sir? Why would he have not been charged if he raped people lol,sexual_violence
ID_ERTK1X6Q,"I am posting this video today because I know that it pisses him off to be reminded of that night when Obama humiliated him in public.  Please help me and retweet it so every time he looks at his Twitter feed today, he'll see this!   ",emotional_violence
ID_SKWYLUCX,"Sir plz help me n my kids...my husband is a journalist,  beats me n my kids regularly...hes a narcissist...very influential... i have no one.. i filed fir divorce, he broke into my house  n broke all the doors. I called 15 but no one came...plz help",Physical_violence
ID_VN00E2MT,"Last night I was rly lucky to be part of a panel discussion. We all happened to be an all female&amp;south Asian. What we didn't talk about: arranged marriage/forced marriage, child marriage, marriage. We did talk about music, exhibitions, museums, culture, decolonising.   ",Harmful_Traditional_practice
ID_ALO6DF66,I was called a “snake” by a woman who I replaced at a terrible salon makeup artist job because she kept coming in drunk and got fired because of it (all according to my plan??),economic_violence
ID_DCVPJPI3,"Check this out: “My Husband Threatens My Life, Beats Me, My Children” – Wife Narrates In Court  ",Physical_violence
ID_OEGK6J7R,"Damon never raped Caroline?   Vampire or no, when you sleep with someone and they did not consent to it, that is rape. Never mind that he fed on her by force any time he wanted. And he took her consent away through compulsion. That’s looking like rape to me.  ",sexual_violence
ID_3DSOVLR1,Thing is whether he knew or didn’t know doesn’t change the situation or the impact to the victim.  I was nearly raped in a hallway and they let the guy off with no time served - took me a long time to get over that and it was a gut punch he served no time,sexual_violence
ID_H8Z6NFYX,"and don’t talk to me about a charge when the man has settled cases in court w/ school girls aged 11-13, paying more than 35 million in combined settlements. And that’s just the settlements with the kids, the adults he raped haven’t entered the chat yet",sexual_violence
ID_CIMK98FJ,"My mom ,, you don’t understand,, I can’t, she forced me to tell here when it went down, sir shamed me that same day, and told me I fucking liked it because I had stayed with him  for so long. We had only been dating for six months, he raped me the week before I broke things off.",sexual_violence
ID_XF3C70PK,I want to know: were Mohammed's wives (Aisha was 9 y.o.) forced to undergo Female Genital Mutilation?,Harmful_Traditional_practice
ID_726NDN02,"Everytime someone has ‘crossed my boundaries’ I am harmed. I don’t care if they meant to or not, they did. When my boyfriend raped me and then said he thought I wanted it, he harmed me, he assaulted me, he raped me. It was harmful. His kind words after didn’t change anything.",sexual_violence
ID_275AO22O,tw / sexual assault  this is the same man that humiliated me and told all of my friends that i was a liar. he tries so hard to defend himself in public and to silence me but this is how he rly acts. believe victims  ,emotional_violence
ID_OUXLPFQV,"You know why I despise two-legged humans?  My Help wanted to withdraw some money from her husband's PF account and for doing this simple task, the person who she was taking help from asked 10000 as his fee! It beats me how people are so inconsiderate. Is this evolution? Chutiya!!",Physical_violence
ID_3CJQU3U8,why do i miss him even though he raped me. like im so sad. he was so loving before it happened and im so confused,sexual_violence
ID_QDGFFRRK,The opposite effect is happening too. I was terminated from a job because I knew the supervisor sexually harassed a co-worker. The head physician covered for him and didn't fire the supervisor. After 3 months of bullshit the woman found a new job and guess who was fired? Me.,economic_violence
ID_B33J6I1S,"""My husband that beats me is a good man"" ""I need this job"" ""My boss wants me to lie to the Fed"" ""Fucking cops""  Jebus, ""How is your day?""!",Physical_violence
ID_V13YAZ5O,'I was forced to marry my rapist aged just 11 after he got me pregnant at 9': Inside America's shocking child marriage epidemic   Pregnant at 9 a mother at 10 1973 married at 11 in the USA  Impregnated every year told too young at 17 to get a divorce,Harmful_Traditional_practice
ID_BLA7Z9AC,I can’t wait to get married so I can cook and clean for my alcoholic husband who beats me,Physical_violence
ID_VLXWI6R2,"I can see the articles now: ""I got fired from my job because I was a woman (who didn't do my job)""",economic_violence
ID_KFKJROB9,"Assad is a criminal who is a head of a criminal organization. Killed my friends and I have no chance of going back to Syria, like millions others, if he stays. You remind me of a woman whose husband beats and abuse her and u r advising her to stay",Physical_violence
ID_KBDG96YO,"Not all cases of Ra should be considered fact...some complaint of rape should just the ignored,girls can be manipulative  sometimes,you went to your boyfriends house,had a good time and the end of the day  u are shouting on Twitter ""he raped me"" ",sexual_violence
ID_9A5UX54W,"I think arresting some old parents for giving out their daughters to undergo Female Genital Mutilation (FGM) is not helping. I think some of these parents need to be enlightened first. To some, it is a tradition they have practiced for years. They should be enlightened!",Harmful_Traditional_practice
ID_AZ5U36O2,"Crazy lecturer humiliated me in public again. He said ""sejak pertama kali saya pdng awak, awk menjengkelkan saya""",emotional_violence
ID_GRA932US,"According to this article, I'm finally in the category of being a child marriage victim. I was forced to marry at 18  ",Harmful_Traditional_practice
ID_GK6245N0,It’s so easy to melt them down!  A couple weeks ago dad complained that the woman at the bank “was a bitch” and “I should talk to her manager!”  and I was like please don’t get her fired from her 9-5 not-bar job because she was ‘t personable enough. JFC.,economic_violence
ID_EFT0KYSK,I'm angry &amp; sickened.   Just thinking of this poor girl being raped so degradingly makes me feel like crying.   How on earth can the Prime Minister ignore this. He knows this happened.  Has this rapist done this again ? Rapists don't just rape once  This government is a sewer pit  ,sexual_violence
ID_D4P5OJ38,"One time I threatened to beat up my friend, because he jokingly insulted me in public without thinking it thru properly",emotional_violence
ID_2K5HBMML,"Bro, I was saying that we should pay attention to the people bombed by us, &amp; this asshole pretty much accused me of trying to defend terrorism.  Then I asked him how he felt about the woman children who were raped in Lybia. He blocked me... Also, may have mentioned Hell and Jesus",sexual_violence
ID_CG8S2UOP,I almost insulted my baby mama in public cos she beat up jnr cos he came to see me....but I am proud I kept my cool and kept it moving but I am pissed as hell.,emotional_violence
ID_1O7ET6DW,"In 2019 I briefly dated a cop. He lied to me about his identity, he raped and tried to murder me. I got a protective order against him. I met my boyfriend I’ve been with for the last year and a half almost since then.",sexual_violence
ID_RKVKTV5E,"A Karen: ""This is just like prison!"" Me: Walks up and beats up her husband Karen: ""What are you doing?"" Me: ""You're my wife now, Prison rules Now I'm going to trade you for a package of TP"" Karen: ""But..."" Me: ""PRISON RULES!!""",Physical_violence
ID_SWWX3Z0T,This makes me sick every time I see it. Trump violently raped her because she reminded Trump of his daughter. We know Trump said his daughter had a nice body &amp; boobs and he’d date her if she weren’t his daughter.Why would Melania be married to a pedophile? That pedophile is pres.,sexual_violence
ID_7342ZXZX,"""I got fired from my first job for reading... what type of nerd shit is that.... because I was a black woman reading in America, they fired me""",economic_violence
ID_8TYJ5H12,"*Anytime I want to have sympathy for OBJ and I remember how he humiliated by tearing his membership card with so much venom in public, the ""athy"" in the ""sympathy"" will just disappear &amp; leave me with only the ""symp""*",emotional_violence
ID_MD0PX49X,"My Husband Beats Me - Housewife Runs To Court For Help: A 38-year-old housewife, Catherine Afo...   via",Physical_violence
ID_0L2MDT7G,"For me, arrogance. A man whose attitude communicates a belief that he could have any woman he wants whenever he wants just makes me want to see him loudly dumped in a public place and humiliated until he becomes a miserable puddle of muck.",emotional_violence
ID_Z69O8SWC,"-College tech support, where I... didn't do much -Stacking cold, wet heavy cement tiles in a cold warehouse -Data entry for a medical helicopter company, where I was fired because I didn't seem interested enough in a woman's cat pictures so she said I was sleeping on the job.  ",economic_violence
ID_QXKY84QQ,"okay since he deleted my comment on his insta and blocked me, y’all find Bennythejet__ on insta. he’s raped multiple underage girls and he’s trying to become a rapper out of Iowa city. his followers need to know the disgusting human that he really is",sexual_violence
ID_032RDQ8C,"I Will Kill My Husband, If He Beats Me – Former  BBNaija Housemate, Ese    ",Physical_violence
ID_8J936HQ3,Chuck has me blocked but I’m guessing he jumped in here to defend the honor of certain councilmembers who are entirely owned by corporate donors and feel vaguely threatened and insulted by the mere existence of a public financing system,emotional_violence
ID_AVPNWGAF,I know this desi group where 98% posts are literally like 'my husband is loving and good but he cusses at/cheats on/beats me' to which 99% responses are like 'behen sabr karo'. No wonder our regressive dramas are such huge hits with the audience!,Physical_violence
ID_5CPA69H3,wigs blocked me after he insulted a rider having + A sample & i said why not wait til B results to bash in public.,emotional_violence
ID_FHW289FW,"LET ME BE A LITTLE MORE CLEAR.. ME AND A WOMAN I WAS MARRIED TO GOT A DIVORCE, I GOT STABBED IN MY CHEST, AND I GOT FIRED FROM MY JOB, ALLL BECAUSE I LOVE GOD, MY COUNTRY AND OUR BELOVED PRESIDENT TRUMP. SO IDGAF ABOUT YO OPINION... WWG1WGA 😎",economic_violence
ID_HYZA4I1M,"‘My Husband Beats Me Up Anytime He Likes""- Wife Tells Court  ",Physical_violence
ID_Y5K2A90F,"There is no defence for this. Would you say the same about FGM because it’s ‘traditional’, Kylie?  My grandmother pierced my ears when I was a couple of months old. In the wrong place. I endured years of pain as a child being forced to wear earrings.  I still have scars.",Harmful_Traditional_practice
ID_QBVF8BCY,No he raped and tortured me. Go to hell noone ever did the investigation appropriately or spoke to me about it appropriately or bothered to spend any time with me so go to hell,sexual_violence
ID_OVZSTPYH,always💅🏼 lee sangyeon is my actual husband ofc his heart beats for me 🙄❤️ /hj,Physical_violence
ID_RR450OYP,"And Repubs NEVER insulted Chelsea C or Pres. O's daughters. REAL insults, not just mentioning their names in public. Oh dear me no. How come Pence hasn't screeched about Ivanka's or Don, Jr's name being spoken OUT LOUD in Congress? Enuf is enuf for sure. How low can HE go?",emotional_violence
ID_GLKSZ1O3,Why would I vote for a man who thinks I should be pregnant changing diapers and have no voice of my own living in poverty whilst my husband beats me as his chattel?,Physical_violence
ID_60E9CL91,All through my childhood I was humiliated in public by an abuser and because I looked up to him I had no idea he was wrong to do that. In high school I was gaslighted by someone very close to me and never figured it out,emotional_violence
ID_C8EBQZFO,He was one of those who abused me for my this tweet and I do not remember exact sentence but he mentioned about me getting gang raped 😡. Some over react and show their class.   ,sexual_violence
ID_8LO2M35T,‘I may not regain consciousness next time my husband beats me to stupor’  ,Physical_violence
ID_YT3VXV4Q,"He twists his face up all insulted or whatever...like bro- you had no idea that a sex worker doesn’t want to be interrupted on the phone with their work name and details about an appointment yelled about in public?!  This is a reminder- if you see me in public, never do this.",emotional_violence
ID_A2UKM039,I hate this so much because my ex raped me in high school multiple times after he found out I was bi. He wanted to “fix me.” I dare this person try to tell me that that wasn’t because of biphobia.,sexual_violence
ID_6A0PAWO1,"I been raped since I was 5,7,10,15,till 18 someone in a party added drugs in my drink at 18 so they used me when they saw that it finally hit me n recorded everything I found his info n he said that he deleted everything cuz he felt bad for me wtf I don’t know u but u drugged me",sexual_violence
ID_EP1252T2,"Yeah.. that's like me teaching my granddaughters..""now honey it's alright if your husband beats you..they did that back in the cowboy days """,Physical_violence
ID_ZOU1166W,DTN Nigeria: I Was Fired from My Job Because I Voted for Obama – Woman Says: An Ohio woman has filed a lawsuit a...  ,economic_violence
ID_RYVZWVLJ,Conor Riley did not rape me because of his autism. I’m autistic and I’ve never raped anyone. He does not do these things because he is autistic and the fact he tried to justify his actions with autism is disgusting.,sexual_violence
ID_XFIKR71Q,"bruh were talking about female genital mutilation, and I wanna cry just thinking about all the women and young girls who are forced to undergo this type of procedure 😭",Harmful_Traditional_practice
ID_HQYG8ECZ,"He means he's filed a organ fire screen against me. That cartwheel electric fan me, and she humiliated me in public.  ",emotional_violence
ID_AB0U1U03,He’s already been public about his sexuality so the fact that you’re trying to drag me for ‘outing’ him is ridiculous. I’m sorry if I’ve offended you/put you in danger/or humiliated you. I admit my initial intention was to be spiteful and I apologize.,emotional_violence
ID_TGWI0326,Inmate:*telling a tragic story on how he got brutally butt raped in prison*  Me:  ,sexual_violence
ID_QQ3845NK,"""I have been in the UK’s asylum system for three years.... I was forced to undergo female genital mutilation. I was illegally trafficked. I was sold out to men, abused, spat at, beaten. For years, I couldn’t escape, I had nowhere to go.""  ",Harmful_Traditional_practice
ID_FUFUHIWK,Sad Maheeda – “I Was defiled By My Step-father”  ,sexual_violence
ID_BWKJP7OA,my husband let me open my beats early!! Best headphones ever❤️,Physical_violence
ID_JY3OS6ME,I think I partially am more damaged than I think I am from it bc I tend to block out so much of what happened. I honestly forgot about all of this until I went thru photos last night &amp; saw the nooses I took photos of. I forget often he raped me ect. I block it all out.,sexual_violence
ID_9BKADLNB,"My Husband Beats, Strips Me Naked- Divorce Seeking Woman Tells Court    ",Physical_violence
ID_AG34V9OG,"Dear Scott, this is Shagufa Habibi, originally from Afghanistan. I was forced in child marriage when I was 16 and escaped my home on 2015. here is my story   I will be grateful to talk to you in details and if you are interested in sharing my story.",Harmful_Traditional_practice
ID_KQNPY8IJ,he humiliated me in public  ,emotional_violence
ID_9F0IUOQE,"my run up today: - havent eaten in 30 hours  - havent slept in 20 hours - got verbally and mentally abused in public - humiliated myself by crying in front of the baker as he handed my loaf of bread, which i continued to cry, loudly, and eat said bread as my dad insulted me",emotional_violence
ID_N13FX8U8,"Exactly! recently I saw how a man struggled nt 2 cry in a public bus,d moment I asked if he was ok.He started crying &amp; screaming ‘why me!’ People insulted him saying he should put himself together he is a 👨🏻 I told dem is ok 4him 2cry anywhere  den I imagined him being a 👩",emotional_violence
ID_W05JEEJI,For pussy I have records we’re he raped me at 9 well guess what that lil boy found me,sexual_violence
ID_GK06LTWJ,"He was handcuffed in public and removed from the school bus without myself or an administrator present. He sat in the back of a cruiser for an hour waiting for me to get there. But no, not officially arrested. Just publicly humiliated at age six for reasons beyond his control.",emotional_violence
ID_2FSKLZ4U,And they turn out to be a covert narcissist for me. Spent five years. Saying I was the realest ever. Caught him in so much lies and cheating. Now he saying to everybody I’m evil and inbred and ugly and my dad raped me. Hmph some partner and best friend 😑😔,sexual_violence
ID_GGTOW499,"the flowers in his grip.   Bāekhyun was studying, like always. He was top of his class after all, he needed to study to keep his spot.  Chānyeol felt weary of interrupting but he would prefer to be humiliated while the library was empty rather than in public.  “E-Excuse me?”  +",emotional_violence
